sample_no,id,eriophyoids,p_fructiphilus,other_mites,total_mites,rose_spp,symptoms,grams_dry_weight,shade,rrv,city,state,county,lon,lat,lon_lat,collector,date,month,year,notes
1,uk bfd,0,No,0,0,Unknown,No,NA,NA,No,Tallahassee,FL,NA,-84.276859,30.496187,"-84.276859, 30.496187",Derrick Conover,2017-02-26T00:00:00Z,February,2017,NA
2,1F tlhs,0,No,0,0,RC,No,NA,NA,No,Tallahassee,FL,NA,-84.276859,30.496187,"-84.276859, 30.496187",Derrick Conover,2017-02-26T00:00:00Z,February,2017,NA
3,1L tlhs,0,No,0,0,RC,No,NA,NA,No,Tallahassee,FL,NA,-84.276859,30.496187,"-84.276859, 30.496187",Derrick Conover,2017-02-26T00:00:00Z,February,2017,NA
4,1LA tlhs,0,No,0,0,RC,No,NA,NA,No,Tallahassee,FL,NA,-84.276859,30.496187,"-84.276859, 30.496187",Derrick Conover,2017-02-26T00:00:00Z,February,2017,NA
5,1F mrd,0,No,0,0,Rl,No,NA,NA,No,Tallahassee,FL,NA,-84.276859,30.496187,"-84.276859, 30.496187",Derrick Conover,2017-03-01T00:00:00Z,March,2017,NA
6,1L mrd,0,No,0,0,Rl,No,NA,NA,No,Tallahassee,FL,NA,-84.276859,30.496187,"-84.276859, 30.496187",Derrick Conover,2017-03-01T00:00:00Z,March,2017,NA
7,2F mrd,0,No,0,0,Rl,No,NA,NA,No,Tallahassee,FL,NA,-84.276859,30.496187,"-84.276859, 30.496187",Derrick Conover,2017-03-01T00:00:00Z,March,2017,NA
8,2L mrd,0,No,0,0,Rl,No,NA,NA,No,Tallahassee,FL,NA,-84.276859,30.496187,"-84.276859, 30.496187",Derrick Conover,2017-03-01T00:00:00Z,March,2017,NA
9,3F mrd,0,No,0,0,Rl,No,NA,NA,No,Tallahassee,FL,NA,-84.276859,30.496187,"-84.276859, 30.496187",Derrick Conover,2017-03-01T00:00:00Z,March,2017,NA
10,3L mrd,0,No,0,0,Rl,No,NA,NA,No,Tallahassee,FL,NA,-84.276859,30.496187,"-84.276859, 30.496187",Derrick Conover,2017-03-01T00:00:00Z,March,2017,NA
11,4F mrd,0,No,0,0,Rl,No,NA,NA,No,Tallahassee,FL,NA,-84.276859,30.496187,"-84.276859, 30.496187",Derrick Conover,2017-03-01T00:00:00Z,March,2017,NA
12,4L mrd,0,No,0,0,Rl,No,NA,NA,No,Tallahassee,FL,NA,-84.276859,30.496187,"-84.276859, 30.496187",Derrick Conover,2017-03-01T00:00:00Z,March,2017,NA
13,5F mrd,0,No,0,0,Rl,No,NA,NA,No,Tallahassee,FL,NA,-84.276859,30.496187,"-84.276859, 30.496187",Derrick Conover,2017-03-01T00:00:00Z,March,2017,NA
14,5L mrd,0,No,0,0,Rl,No,NA,NA,No,Tallahassee,FL,NA,-84.276859,30.496187,"-84.276859, 30.496187",Derrick Conover,2017-03-01T00:00:00Z,March,2017,NA
15,6L mrd,0,No,0,0,Rl,No,NA,NA,No,Tallahassee,FL,NA,-84.276859,30.496187,"-84.276859, 30.496187",Derrick Conover,2017-03-01T00:00:00Z,March,2017,NA
16,7L mrd,0,No,0,0,Rl,No,NA,NA,No,Tallahassee,FL,NA,-84.276859,30.496187,"-84.276859, 30.496187",Derrick Conover,2017-03-01T00:00:00Z,March,2017,NA
17,8L mrd,0,No,0,0,Rl,No,NA,NA,No,Tallahassee,FL,NA,-84.276859,30.496187,"-84.276859, 30.496187",Derrick Conover,2017-03-01T00:00:00Z,March,2017,NA
18,1 L A Tville,0,No,0,0,Rl,No,NA,NA,No,Thomasville,GA,NA,-84.14334421,30.7087194,"-84.14334421, 30.7087194",Derrick Conover,2017-03-09T00:00:00Z,March,2017,NA
19,1 LB Tville,0,No,0,0,Rl,No,NA,NA,No,Thomasville,GA,NA,-84.14334421,30.7087194,"-84.14334421, 30.7087194",Derrick Conover,2017-03-09T00:00:00Z,March,2017,NA
20,1 F Tville,0,No,0,0,Rl,No,NA,NA,No,Thomasville,GA,NA,-84.14334421,30.7087194,"-84.14334421, 30.7087194",Derrick Conover,2017-03-09T00:00:00Z,March,2017,NA
21,2 F Tville,0,No,0,0,Rl,No,NA,NA,No,Thomasville,GA,NA,-83.94611134,30.86205357,"-83.94611134, 30.86205357",Derrick Conover,2017-03-09T00:00:00Z,March,2017,NA
22,2 L Tville,0,No,0,0,Rl,No,NA,NA,No,Thomasville,GA,NA,-83.94611134,30.86205357,"-83.94611134, 30.86205357",Derrick Conover,2017-03-09T00:00:00Z,March,2017,NA
23,3 F Tville,0,No,0,0,Rl,No,NA,NA,No,Climax,GA,NA,-84.41342194,30.83692871,"-84.41342194, 30.83692871",Derrick Conover,2017-03-09T00:00:00Z,March,2017,NA
24,3 L tville,0,No,0,0,Rl,No,NA,NA,No,Climax,GA,NA,-84.41342194,30.83692871,"-84.41342194, 30.83692871",Derrick Conover,2017-03-09T00:00:00Z,March,2017,NA
25,1L wkl,0,No,0,0,Rl,No,NA,NA,No,Hilliardville,FL,NA,-84.39651401,30.28456265,"-84.39651401, 30.28456265",Derrick Conover,2017-03-17T00:00:00Z,March,2017,NA
26,1 LA wkl,0,No,0,0,Rl,No,NA,NA,No,Hilliardville,FL,NA,-84.39651401,30.28456265,"-84.39651401, 30.28456265",Derrick Conover,2017-03-17T00:00:00Z,March,2017,NA
27,1LB wkl,0,No,0,0,Rl,No,NA,NA,No,Hilliardville,FL,NA,-84.39651401,30.28456265,"-84.39651401, 30.28456265",Derrick Conover,2017-03-17T00:00:00Z,March,2017,NA
28,2L wkl,0,No,0,0,Rl,No,NA,NA,No,Hilliardville,FL,NA,-84.39651401,30.28456265,"-84.39651401, 30.28456265",Derrick Conover,2017-03-17T00:00:00Z,March,2017,NA
29,2F wkl,0,No,0,0,Rl,No,NA,NA,No,Hilliardville,FL,NA,-84.39651401,30.28456265,"-84.39651401, 30.28456265",Derrick Conover,2017-03-17T00:00:00Z,March,2017,NA
30,3L wkl,0,No,0,0,Rl,No,NA,NA,No,Hilliardville,FL,NA,-84.39651401,30.28456265,"-84.39651401, 30.28456265",Derrick Conover,2017-03-17T00:00:00Z,March,2017,NA
31,3F wkl,0,No,0,0,Rl,No,NA,NA,No,Hilliardville,FL,NA,-84.39651401,30.28456265,"-84.39651401, 30.28456265",Derrick Conover,2017-03-17T00:00:00Z,March,2017,NA
32,4L mrd,0,No,0,0,Rl,No,NA,NA,No,Tallahassee,FL,NA,-84.276859,30.496187,"-84.276859, 30.496187",Derrick Conover,2017-03-17T00:00:00Z,March,2017,NA
33,4F mrd,0,No,0,0,Rl,No,NA,NA,No,Tallahassee,FL,NA,-84.276859,30.496187,"-84.276859, 30.496187",Derrick Conover,2017-03-17T00:00:00Z,March,2017,NA
34,5LA mrd,0,No,0,0,Rl,No,NA,NA,No,Tallahassee,FL,NA,-84.276859,30.496187,"-84.276859, 30.496187",Derrick Conover,2017-03-17T00:00:00Z,March,2017,NA
35,5LB mrd,0,No,0,0,Rl,No,NA,NA,No,Tallahassee,FL,NA,-84.276859,30.496187,"-84.276859, 30.496187",Derrick Conover,2017-03-17T00:00:00Z,March,2017,NA
36,1LAuga,3,Yes,0,3,KO,Yes,NA,NA,Yes,Athens,GA,NA,-83.376944,33.953889,"-83.376944, 33.953889",Derrick Conover,2017-04-18T00:00:00Z,April,2017,NA
37,1LBuga,4,Yes,0,4,KO,Yes,NA,NA,Yes,Athens,GA,NA,-83.376945,33.953889,"-83.376945, 33.953889",Derrick Conover,2017-04-18T00:00:00Z,April,2017,NA
38,2Luga,0,No,0,0,RM,No,NA,NA,No,Athens,GA,NA,-83.367407,33.954548,"-83.367407, 33.954548",Derrick Conover,2017-04-18T00:00:00Z,April,2017,NA
39,2LAuga,0,No,0,0,RM,No,NA,NA,No,Athens,GA,NA,-83.367407,33.954548,"-83.367407, 33.954548",Derrick Conover,2017-04-18T00:00:00Z,April,2017,NA
40,2Fuga,0,No,0,0,RM,No,NA,NA,No,Athens,GA,NA,-83.367407,33.954548,"-83.367407, 33.954548",Derrick Conover,2017-04-18T00:00:00Z,April,2017,NA
41,3Luga,2,Yes,0,2,RM,No,NA,NA,No,Athens,GA,NA,-83.367407,33.954548,"-83.367407, 33.954548",Derrick Conover,2017-04-18T00:00:00Z,April,2017,NA
42,3LAuga,0,No,0,0,RM,No,NA,NA,No,Athens,GA,NA,-83.367407,33.954548,"-83.367407, 33.954548",Derrick Conover,2017-04-18T00:00:00Z,April,2017,NA
43,3Lbuga,1,Yes,0,1,RM,No,NA,NA,No,Athens,GA,NA,-83.367407,33.954548,"-83.367407, 33.954548",Derrick Conover,2017-04-18T00:00:00Z,April,2017,NA
44,4Luga,0,No,0,0,RM,No,NA,NA,No,Athens,GA,NA,-83.367407,33.954548,"-83.367407, 33.954548",Derrick Conover,2017-04-18T00:00:00Z,April,2017,NA
45,6Luga,0,No,0,0,RM,No,NA,NA,No,Athens,GA,NA,-83.367407,33.954548,"-83.367407, 33.954548",Derrick Conover,2017-04-24T00:00:00Z,April,2017,NA
46,6LAuga,0,No,0,0,RM,No,NA,NA,No,Athens,GA,NA,-83.367407,33.954548,"-83.367407, 33.954548",Derrick Conover,2017-04-24T00:00:00Z,April,2017,NA
47,7LAuga,0,No,0,0,RM,No,NA,NA,No,Athens,GA,NA,-83.367407,33.954548,"-83.367407, 33.954548",Derrick Conover,2017-04-24T00:00:00Z,April,2017,NA
48,6LBUGA,0,No,0,0,RM,No,NA,NA,No,Athens,GA,NA,-83.367407,33.954548,"-83.367407, 33.954548",Derrick Conover,2017-04-24T00:00:00Z,April,2017,NA
49,5Luga,0,No,0,0,RM,No,NA,NA,No,Athens,GA,NA,-83.367407,33.954548,"-83.367407, 33.954548",Derrick Conover,2017-04-25T00:00:00Z,April,2017,NA
50,5LaAuga,0,No,0,0,RM,No,NA,NA,No,Athens,GA,NA,-83.367407,33.954548,"-83.367407, 33.954548",Derrick Conover,2017-04-25T00:00:00Z,April,2017,NA
51,GFNL1,2,Yes,0,2,KO,Yes,NA,NA,Yes,East Griffin,GA,NA,-84.285321,33.262423,"-84.285321, 33.262423",Derrick Conover,2017-05-18T00:00:00Z,May,2017,NA
52,GFNF1,1,Yes,0,1,KO,Yes,NA,NA,Yes,East Griffin,GA,NA,-84.285321,33.262423,"-84.285321, 33.262423",Derrick Conover,2017-05-18T00:00:00Z,May,2017,NA
53,GFN2L,1,Yes,0,1,KO,No,NA,NA,Yes,East Griffin,GA,NA,-84.285321,33.262423,"-84.285321, 33.262423",Derrick Conover,2017-05-18T00:00:00Z,May,2017,NA
54,GFNF2,0,No,0,0,KO,No,NA,NA,Yes,East Griffin,GA,NA,-84.285321,33.262423,"-84.285321, 33.262423",Derrick Conover,2017-05-18T00:00:00Z,May,2017,NA
55,GFNF4,0,No,0,0,KO,Yes,NA,NA,Yes,East Griffin,GA,NA,-84.285321,33.262423,"-84.285321, 33.262423",Derrick Conover,2017-05-18T00:00:00Z,May,2017,NA
56,GFNL4,1,Yes,0,1,KO,Yes,NA,NA,Yes,East Griffin,GA,NA,-84.285321,33.262423,"-84.285321, 33.262423",Derrick Conover,2017-05-18T00:00:00Z,May,2017,NA
57,GFNF5,0,No,0,0,KO,No,NA,NA,Yes,East Griffin,GA,NA,-84.285321,33.262423,"-84.285321, 33.262423",Derrick Conover,2017-05-18T00:00:00Z,May,2017,NA
58,GFNL5,0,No,0,0,KO,No,NA,NA,Yes,East Griffin,GA,NA,-84.285321,33.262423,"-84.285321, 33.262423",Derrick Conover,2017-05-18T00:00:00Z,May,2017,NA
59,GFNL3,0,No,0,0,Drift,No,NA,NA,Yes,East Griffin,GA,NA,-84.285321,33.262423,"-84.285321, 33.262423",Derrick Conover,2017-05-18T00:00:00Z,May,2017,NA
60,GFNF3,0,No,0,0,Drift,No,NA,NA,Yes,East Griffin,GA,NA,-84.285321,33.262423,"-84.285321, 33.262423",Derrick Conover,2017-05-18T00:00:00Z,May,2017,NA
61,GFNF6,0,No,0,0,Drift,Yes,NA,NA,Yes,East Griffin,GA,NA,-84.285321,33.262423,"-84.285321, 33.262423",Derrick Conover,2017-05-18T00:00:00Z,May,2017,NA
62,GFN6L,0,No,0,0,Drift,Yes,NA,NA,Yes,East Griffin,GA,NA,-84.285321,33.262423,"-84.285321, 33.262423",Derrick Conover,2017-05-18T00:00:00Z,May,2017,NA
63,GFNF7,0,No,0,0,Drift,Yes,NA,NA,Yes,East Griffin,GA,NA,-84.285321,33.262423,"-84.285321, 33.262423",Derrick Conover,2017-05-18T00:00:00Z,May,2017,NA
64,GFNL7,0,No,0,0,Drift,Yes,NA,NA,Yes,East Griffin,GA,NA,-84.285321,33.262423,"-84.285321, 33.262423",Derrick Conover,2017-05-18T00:00:00Z,May,2017,NA
65,APK L,0,No,0,0,KO,Yes,NA,NA,Yes,South Apopka,FL,NA,-81.506149,28.640823,"-81.506149, 28.640823",Derrick Conover,2017-06-01T00:00:00Z,June,2017,NA
66,APK LA,0,No,0,0,KO,Yes,NA,NA,Yes,South Apopka,FL,NA,-81.506149,28.640823,"-81.506149, 28.640823",Derrick Conover,2017-06-01T00:00:00Z,June,2017,NA
67,APK LB,0,No,0,0,KO,Yes,NA,NA,Yes,South Apopka,FL,NA,-81.506149,28.640823,"-81.506149, 28.640823",Derrick Conover,2017-06-01T00:00:00Z,June,2017,NA
68,APK F,0,No,0,0,KO,Yes,NA,NA,Yes,South Apopka,FL,NA,-81.506149,28.640823,"-81.506149, 28.640823",Derrick Conover,2017-06-01T00:00:00Z,June,2017,NA
69,APK FA,0,No,0,0,KO,Yes,NA,NA,Yes,South Apopka,FL,NA,-81.506149,28.640823,"-81.506149, 28.640823",Derrick Conover,2017-06-01T00:00:00Z,June,2017,NA
138,James 101,0,No,0,0,KO,NA,NA,NA,NT,Quincy,FL,NA,-84.59516,30.54276,"-84.59516, 30.54276",James Brannin,2019-02-13T00:00:00Z,February,2019,NA
139,James 102,0,No,0,0,KO,NA,NA,NA,NT,Quincy,FL,NA,-84.57825,30.58847,"-84.57825, 30.58847",James Brannin,2019-02-13T00:00:00Z,February,2019,NA
140,James 103,0,No,8,8,KO,NA,NA,NA,NT,Quincy,FL,NA,-84.60728,30.58454,"-84.60728, 30.58454",James Brannin,2019-02-13T00:00:00Z,February,2019,NA
141,James 104,0,No,0,0,KO,NA,NA,NA,NT,Quincy,FL,NA,-84.60083,30.58529,"-84.60083, 30.58529",James Brannin,2019-02-13T00:00:00Z,February,2019,NA
142,James 105,0,No,1,1,KO,NA,NA,NA,NT,Quincy,FL,NA,-84.59547,30.54349,"-84.59547, 30.54349",James Brannin,2019-02-13T00:00:00Z,February,2019,NA
143,James 106,0,No,0,0,KO,NA,NA,NA,NT,Quincy,FL,NA,-84.59217,30.55314,"-84.59217, 30.55314",James Brannin,2019-02-13T00:00:00Z,February,2019,NA
144,James 107,0,No,0,0,KO,NA,NA,NA,NT,Quincy,FL,NA,-84.6431,30.59133,"-84.6431, 30.59133",James Brannin,2019-02-13T00:00:00Z,February,2019,NA
145,James 108,10,Yes,2,12,KO,NA,NA,NA,NT,Tallahassee,FL,NA,-84.30567,30.448,"-84.30567, 30.448",James Brannin,2019-02-14T00:00:00Z,February,2019,NA
146,James 109,27,Yes,1,28,KO,NA,NA,NA,NT,Tallahassee,FL,NA,-84.30402,30.44624,"-84.30402, 30.44624",James Brannin,2019-02-14T00:00:00Z,February,2019,FDACS REPORT E2019-3312-1
147,James 110,2,Yes,2,4,KO,NA,NA,NA,NT,Tallahassee,FL,NA,-84.30448,30.44613,"-84.30448, 30.44613",James Brannin,2019-02-14T00:00:00Z,February,2019,NA
148,James 111,7,Yes,1,8,KO,NA,NA,NA,NT,Tallahassee,FL,NA,-84.30291,30.4457,"-84.30291, 30.4457",James Brannin,2019-02-14T00:00:00Z,February,2019,NA
149,James 112,5,Yes,3,8,KO,NA,NA,NA,NT,Tallahassee,FL,NA,-84.2999,30.44433,"-84.2999, 30.44433",James Brannin,2019-02-14T00:00:00Z,February,2019,NA
150,James 113,0,No,0,0,KO,NA,NA,NA,NT,Tallahassee,FL,NA,-84.25085,30.50561,"-84.25085, 30.50561",James Brannin,2019-02-14T00:00:00Z,February,2019,NA
151,James 114,1,Yes,16,17,KO,NA,NA,NA,NT,Tallahassee,FL,NA,-84.27879,30.45372,"-84.27879, 30.45372",James Brannin,2019-02-14T00:00:00Z,February,2019,NA
152,James 115,0,No,7,7,KO,NA,NA,NA,NT,Tallahassee,FL,NA,-84.28515,30.46685,"-84.28515, 30.46685",James Brannin,2019-02-14T00:00:00Z,February,2019,NA
153,James 116,0,No,0,0,KO,NA,NA,NA,NT,Midway,FL,NA,-84.30833,30.44003,"-84.30833, 30.44003",James Brannin,2019-02-19T00:00:00Z,February,2019,NA
154,James 117,0,No,0,0,KO,NA,NA,NA,NT,Tallahassee,FL,NA,-84.29028,30.43287,"-84.29028, 30.43287",James Brannin,2019-02-19T00:00:00Z,February,2019,NA
155,James 118,0,No,4,4,KO,NA,NA,NA,NT,Tallahassee,FL,NA,-84.28971,30.42997,"-84.28971, 30.42997",James Brannin,2019-02-19T00:00:00Z,February,2019,NA
156,James 119,0,No,5,5,KO,NA,NA,NA,NT,Tallahassee,FL,NA,-84.28861,30.42167,"-84.28861, 30.42167",James Brannin,2019-02-19T00:00:00Z,February,2019,NA
157,James 120,0,No,2,2,KO,NA,NA,NA,NT,Tallahassee,FL,NA,-84.27613,30.43787,"-84.27613, 30.43787",James Brannin,2019-02-19T00:00:00Z,February,2019,NA
158,James 121,0,No,0,0,KO,NA,NA,NA,NT,Tallahassee,FL,NA,-84.21275,30.44676,"-84.21275, 30.44676",James Brannin,2019-02-19T00:00:00Z,February,2019,NA
159,James 122,0,No,0,0,KO,NA,NA,NA,NT,Tallahassee,FL,NA,-84.21749,30.44734,"-84.21749, 30.44734",James Brannin,2019-02-19T00:00:00Z,February,2019,NA
160,James 123,0,No,2,2,KO,NA,NA,NA,NT,Tallahassee,FL,NA,-84.21951,30.44946,"-84.21951, 30.44946",James Brannin,2019-02-19T00:00:00Z,February,2019,NA
161,James 124,0,No,1,1,KO,NA,NA,NA,NT,Tallahassee,FL,NA,-84.22835,30.46036,"-84.22835, 30.46036",James Brannin,2019-02-19T00:00:00Z,February,2019,NA
162,James 125,0,No,0,0,KO,NA,NA,NA,NT,Midway,FL,NA,-84.33569,30.45217,"-84.33569, 30.45217",James Brannin,2019-02-19T00:00:00Z,February,2019,NA
163,Fife 126,0,No,0,0,NA,NA,NA,NA,NT,Havana,FL,NA,-84.41504,30.62429,"-84.41504, 30.62429",Austin Fife,2019-04-16T00:00:00Z,April,2019,NA
164,Fife 127,0,No,7,7,NA,NA,NA,NA,NT,Havana,FL,NA,-84.41348,30.62458,"-84.41348, 30.62458",Austin Fife,2019-04-16T00:00:00Z,April,2019,NA
165,Fife 128,0,No,0,0,NA,NA,NA,NA,NT,Havana,FL,NA,-84.41572,30.62466,"-84.41572, 30.62466",Austin Fife,2019-04-16T00:00:00Z,April,2019,NA
166,Fife 129,0,No,33,33,NA,NA,NA,NA,NT,Havana,FL,NA,-84.4155,30.62564,"-84.4155, 30.62564",Austin Fife,2019-04-16T00:00:00Z,April,2019,NA
167,Fife 130,0,No,9,9,NA,NA,NA,NA,NT,Havana,FL,NA,-84.41529,30.63087,"-84.41529, 30.63087",Austin Fife,2019-04-16T00:00:00Z,April,2019,NA
168,Fife 131,0,No,0,0,NA,NA,NA,NA,NT,Gretna,FL,NA,-84.663,30.61955,"-84.663, 30.61955",Austin Fife,2019-04-30T00:00:00Z,April,2019,NA
169,Fife 132,0,No,5,5,NA,NA,NA,NA,NT,Gretna,FL,NA,-84.66302,30.61955,"-84.66302, 30.61955",Austin Fife,2019-04-30T00:00:00Z,April,2019,NA
193,FDACS 1,1,Yes,0,1,KO,No,NA,NA,NT,Tallahassee,FL,NA,-84.305026,30.446288,"-84.305026, 30.446288",0,2019-07-08T00:00:00Z,July,2019,FDACS REPORT E2019-3807-1
194,FDACS 2,1,Yes,0,1,KO,No,NA,NA,NT,Tallahassee,FL,NA,-84.3056683,30.4480882,"-84.3056683, 30.4480882","Larry (Mo) Violett, Michael Bentley",2019-07-08T00:00:00Z,July,2019,FDACS REPORT E2019-3808-1
195,FDACS 3,1,Yes,0,1,KO,No,NA,NA,NT,Tallahassee,FL,NA,-84.303998000000007,30.446145,"-84.303998, 30.446145","Larry (Mo) Violett, Michael Bentley",2019-07-08T00:00:00Z,July,2019,FDACS REPORT E2019-3809-1
196,FSU 1,119,Yes,0,119,KO,No,NA,NA,NT,Tallahassee,FL,NA,-84.307128,30.444701,"-84.307128, 30.444701",Austin Fife,2019-07-16T00:00:00Z,July,2019,FDACS REPORT E2019-4908-1
197,FSU 2,322,Yes,0,322,KO,No,NA,NA,NT,Tallahassee,FL,NA,-84.306901,30.444911,"-84.306901, 30.444911",Austin Fife,2019-07-16T00:00:00Z,July,2019,FDACS REPORT E2019-4909-1
198,FSU 3,348,Yes,0,348,KO,No,NA,NA,NT,Tallahassee,FL,NA,-84.307119,30.445131,"-84.307119, 30.445131",Austin Fife,2019-07-16T00:00:00Z,July,2019,FDACS REPORT E2019-4910-1
199,FSU 4,183,Yes,0,183,KO,No,NA,NA,NT,Tallahassee,FL,NA,-84.305676,30.447952,"-84.305676, 30.447952",Austin Fife,2019-07-16T00:00:00Z,July,2019,FDACS REPORT E2019-4911-1
200,FSU 5,91,Yes,0,91,KO,No,NA,NA,NT,Tallahassee,FL,NA,-84.305285,30.44807,"-84.305285, 30.44807",Austin Fife,2019-07-16T00:00:00Z,July,2019,FDACS REPORT E2019-4912-1
201,FSU 6,204,Yes,0,204,KO,No,NA,NA,NT,Tallahassee,FL,NA,-84.305295,30.448083,"-84.305295, 30.448083",Austin Fife,2019-07-16T00:00:00Z,July,2019,FDACS REPORT E2019-4913-1
202,FSU 7,114,Yes,0,114,KO,No,NA,NA,NT,Tallahassee,FL,NA,-84.305422,30.447717,"-84.305422, 30.447717",Austin Fife,2019-07-16T00:00:00Z,July,2019,FDACS REPORT E2019-4914-1
203,FSU 8,83,Yes,0,83,KO,No,NA,NA,NT,Tallahassee,FL,NA,-84.305618,30.44767,"-84.305618, 30.44767",Austin Fife,2019-07-16T00:00:00Z,July,2019,FDACS REPORT E2019-4915-1
204,FSU 9,70,Yes,0,70,KO,No,NA,NA,NT,Tallahassee,FL,NA,-84.305918,30.446396,"-84.305918, 30.446396",Austin Fife,2019-07-16T00:00:00Z,July,2019,FDACS REPORT E2019-4916-1
205,FSU 10,181,Yes,0,181,KO,No,NA,NA,NT,Tallahassee,FL,NA,-84.306102,30.446413,"-84.306102, 30.446413",Austin Fife,2019-07-16T00:00:00Z,July,2019,FDACS REPORT E2019-4917-1
206,FSU 11,148,Yes,0,148,KO,No,NA,NA,NT,Tallahassee,FL,NA,-84.30625,30.446344,"-84.30625, 30.446344",Austin Fife,2019-07-16T00:00:00Z,July,2019,FDACS REPORT E2019-4918-1
207,FSU 12,189,Yes,0,189,KO,No,NA,NA,NT,Tallahassee,FL,NA,-84.306049,30.446447,"-84.306049, 30.446447",Austin Fife,2019-07-16T00:00:00Z,July,2019,FDACS REPORT E2019-4919-1
208,FSU 13,226,Yes,0,226,KO,No,NA,NA,NT,Tallahassee,FL,NA,-84.305464,30.446498,"-84.305464, 30.446498",Austin Fife,2019-07-16T00:00:00Z,July,2019,FDACS REPORT E2019-4920-1
209,FSU 14,135,Yes,0,135,KO,No,NA,NA,NT,Tallahassee,FL,NA,-84.304534,30.446043,"-84.304534, 30.446043",Austin Fife,2019-07-16T00:00:00Z,July,2019,FDACS REPORT E2019-4921-1
210,FSU 15,117,Yes,0,117,KO,No,NA,NA,NT,Tallahassee,FL,NA,-84.304038,30.446166,"-84.304038, 30.446166",Austin Fife,2019-07-16T00:00:00Z,July,2019,FDACS REPORT E2019-4922-1
211,FSU 16,141,Yes,0,141,KO,No,NA,NA,NT,Tallahassee,FL,NA,-84.303162,30.446025,"-84.303162, 30.446025",Austin Fife,2019-07-16T00:00:00Z,July,2019,FDACS REPORT E2019-4923-1
212,FSU 17,94,Yes,0,94,KO,No,NA,NA,NT,Tallahassee,FL,NA,-84.30292,30.44567,"-84.30292, 30.44567",Austin Fife,2019-07-16T00:00:00Z,July,2019,FDACS REPORT E2019-4924-1
213,FSU 18,245,Yes,0,245,KO,No,NA,NA,NT,Tallahassee,FL,NA,-84.305181,30.444348,"-84.305181, 30.444348",Austin Fife,2019-07-16T00:00:00Z,July,2019,FDACS REPORT E2019-4925-1
214,FSU 19,107,Yes,0,107,KO,No,NA,NA,NT,Tallahassee,FL,NA,-84.305322,30.444347,"-84.305322, 30.444347",Austin Fife,2019-07-16T00:00:00Z,July,2019,FDACS REPORT E2019-4926-1
215,FSU 20,146,Yes,0,146,KO,No,NA,NA,NT,Tallahassee,FL,NA,-84.305017,30.443949,"-84.305017, 30.443949",Austin Fife,2019-07-16T00:00:00Z,July,2019,FDACS REPORT E2019-4927-1
216,FSU 21,231,Yes,0,231,KO,No,NA,NA,NT,Tallahassee,FL,NA,-84.305436,30.444014,"-84.305436, 30.444014",Austin Fife,2019-07-16T00:00:00Z,July,2019,FDACS REPORT E2019-4928-1
217,FSU 22,164,Yes,0,164,KO,No,NA,NA,NT,Tallahassee,FL,NA,-84.305387,30.445459,"-84.305387, 30.445459",Austin Fife,2019-07-16T00:00:00Z,July,2019,FDACS REPORT E2019-4929-1
218,FSU 23,75,Yes,0,75,KO,No,NA,NA,NT,Tallahassee,FL,NA,-84.305353,30.44545,"-84.305353, 30.44545",Austin Fife,2019-07-16T00:00:00Z,July,2019,FDACS REPORT E2019-4930-1
219,FSU 24,88,Yes,0,88,KO,No,NA,NA,NT,Tallahassee,FL,NA,-84.305139,30.445353,"-84.305139, 30.445353",Austin Fife,2019-07-16T00:00:00Z,July,2019,FDACS REPORT E2019-4931-1
220,FSU 25,133,Yes,0,133,KO,No,NA,NA,NT,Tallahassee,FL,NA,-84.305218,30.445358,"-84.305218, 30.445358",Austin Fife,2019-07-16T00:00:00Z,July,2019,FDACS REPORT E2019-4932-1
221,FSU 26,101,Yes,0,101,KO,No,NA,NA,NT,Tallahassee,FL,NA,-84.305195,30.445375,"-84.305195, 30.445375",Austin Fife,2019-07-16T00:00:00Z,July,2019,FDACS REPORT E2019-4933-1
222,FSU 27,97,Yes,1,98,KO,No,NA,NA,NT,Tallahassee,FL,NA,-84.305045,30.445252,"-84.305045, 30.445252",Austin Fife,2019-07-16T00:00:00Z,July,2019,FDACS REPORT E2019-4934-1
223,FSU 28,74,Yes,0,74,KO,No,NA,NA,NT,Tallahassee,FL,NA,-84.304703,30.445238,"-84.304703, 30.445238",Austin Fife,2019-07-16T00:00:00Z,July,2019,FDACS REPORT E2019-4935-1
224,FSU 29,92,Yes,0,92,KO,No,NA,NA,NT,Tallahassee,FL,NA,-84.304923,30.445238,"-84.304923, 30.445238",Austin Fife,2019-07-16T00:00:00Z,July,2019,FDACS REPORT E2019-4936-1
225,FSU 30,105,Yes,0,105,KO,No,NA,NA,NT,Tallahassee,FL,NA,-84.304796,30.445222,"-84.304796, 30.445222",Austin Fife,2019-07-16T00:00:00Z,July,2019,FDACS REPORT E2019-4937-1
226,FSU 31,52,Yes,0,52,KO,No,NA,NA,NT,Tallahassee,FL,NA,-84.30439,30.445167,"-84.30439, 30.445167",Austin Fife,2019-07-16T00:00:00Z,July,2019,FDACS REPORT E2019-4938-1
227,FSU 32,67,Yes,0,67,KO,No,NA,NA,NT,Tallahassee,FL,NA,-84.304648,30.445219,"-84.304648, 30.445219",Austin Fife,2019-07-16T00:00:00Z,July,2019,FDACS REPORT E2019-4939-1
228,FSU 33,107,Yes,0,107,KO,No,NA,NA,NT,Tallahassee,FL,NA,-84.2999,30.444309,"-84.2999, 30.444309",Austin Fife,2019-07-16T00:00:00Z,July,2019,FDACS REPORT E2019-4940-1
256,GAINES 1,25,Yes,42,67,KO,No,NA,shaded,NA,Gainesville,FL,NA,-82.30041,29.674077,"-82.30041, 29.674077",Austin Fife,2020-01-30T00:00:00Z,January,2020,fenceline
257,GAINES 2,0,No,5,5,KO,No,NA,open sun,NA,Gainesville,FL,NA,-82.286534,29.688103,"-82.286534, 29.688103",Austin Fife,2020-01-30T00:00:00Z,January,2020,NA
258,GAINES 3,0,No,8,8,KO,No,NA,open sun,NA,Gainesville,FL,NA,-82.306604,29.651894,"-82.306604, 29.651894",Austin Fife,2020-01-30T00:00:00Z,January,2020,NA
259,FSU 1,0,No,0,0,KO,No,NA,NA,NA,Tallahassee,FL,NA,-84.289429,30.44879,"-84.289429, 30.44879",Austin Fife,2020-01-31T00:00:00Z,January,2020,NA
260,FSU 2,0,No,0,0,KO,No,NA,NA,NA,Tallahassee,FL,NA,-84.290209,30.440588,"-84.290209, 30.440588",Austin Fife,2020-01-31T00:00:00Z,January,2020,NA
261,FSU 3,0,No,16,16,KO,No,NA,NA,NA,Tallahassee,FL,NA,-84.291937,30.441281,"-84.291937, 30.441281",Austin Fife,2020-01-31T00:00:00Z,January,2020,NA
262,FSU 4,10,Yes,19,29,KO,No,NA,NA,NA,Tallahassee,FL,NA,-84.303939,30.146472,"-84.303939, 30.146472",Austin Fife,2020-01-31T00:00:00Z,January,2020,NA
263,FSU 5,0,No,63,63,KO,No,NA,NA,NA,Tallahassee,FL,NA,-84.304858,30.445265,"-84.304858, 30.445265",Austin Fife,2020-01-31T00:00:00Z,January,2020,NA
264,FSU 6,0,No,5,5,KO,No,NA,NA,NA,Tallahassee,FL,NA,-84.305658,30.448069,"-84.305658, 30.448069",Austin Fife,2020-01-31T00:00:00Z,January,2020,NA
265,FSU 7,0,No,34,34,KO,No,NA,NA,NA,Tallahassee,FL,NA,-84.296269,30.444621,"-84.296269, 30.444621",Austin Fife,2020-01-31T00:00:00Z,January,2020,NA
266,FSU 8,0,No,3,3,KO,No,NA,NA,NA,Tallahassee,FL,NA,-84.295075,30.444063,"-84.295075, 30.444063",Austin Fife,2020-01-31T00:00:00Z,January,2020,NA
267,FSU 9,8,Yes,8,16,KO,No,NA,NA,NA,Tallahassee,FL,NA,-84.300192,30.440633,"-84.300192, 30.440633",Austin Fife,2020-01-31T00:00:00Z,January,2020,NA
296,Pheno 1,0,No,0,0,KO,No,NA,open sun,NA,Tallahassee,FL,NA,-84.307531,30.445186,"-84.307531, 30.445186",Austin Fife,2020-03-31T00:00:00Z,March,2020,NA
297,Pheno 2,4,Yes,6,10,KO,No,NA,open sun,NA,Tallahassee,FL,NA,-84.307332,30.445218,"-84.307332, 30.445218",Austin Fife,2020-03-31T00:00:00Z,March,2020,NA
298,Pheno 3,15,Yes,2,17,KO,No,NA,open sun,NA,Tallahassee,FL,NA,-84.307343,30.445109,"-84.307343, 30.445109",Austin Fife,2020-03-31T00:00:00Z,March,2020,NA
299,Pheno 4,22,Yes,1,23,KO,No,NA,open sun,NA,Tallahassee,FL,NA,-84.307353,30.445112,"-84.307353, 30.445112",Austin Fife,2020-03-31T00:00:00Z,March,2020,NA
300,Pheno 5,31,Yes,2,33,KO,No,NA,open sun,NA,Tallahassee,FL,NA,-84.307346,30.445121,"-84.307346, 30.445121",Austin Fife,2020-03-31T00:00:00Z,March,2020,NA
304,Pheno 9,17,Yes,8,25,KO,No,NA,open sun,NA,Tallahassee,FL,NA,-84.307321,30.445215,"-84.307321, 30.445215",Austin Fife,2020-03-31T00:00:00Z,March,2020,NA
306,Pheno 11,15,Yes,0,15,KO,No,NA,open sun,NA,Tallahassee,FL,NA,-84.307025,30.444988,"-84.307025, 30.444988",Austin Fife,2020-03-31T00:00:00Z,March,2020,NA
311,Pheno 16,39,Yes,2,41,KO,No,NA,open sun,NA,Tallahassee,FL,NA,-84.307353,30.444621,"-84.307353, 30.444621",Austin Fife,2020-03-31T00:00:00Z,March,2020,NA
312,Pheno 17,8,Yes,0,8,KO,No,NA,open sun,NA,Tallahassee,FL,NA,-84.307361,30.444622,"-84.307361, 30.444622",Austin Fife,2020-03-31T00:00:00Z,March,2020,NA
316,Pheno 21,15,Yes,5,20,KO,No,NA,open sun,NA,Tallahassee,FL,NA,-84.307404,30.444615,"-84.307404, 30.444615",Austin Fife,2020-03-31T00:00:00Z,March,2020,NA
320,Pheno 1,11,Yes,2,13,KO,No,11.4842,open sun,NA,Tallahassee,FL,NA,-84.307531,30.445186,"-84.307531, 30.445186",Austin Fife,2020-04-30T00:00:00Z,April,2020,NA
321,Pheno 2,6,Yes,9,15,KO,No,15.5613,open sun,NA,Tallahassee,FL,NA,-84.307332,30.445218,"-84.307332, 30.445218",Austin Fife,2020-04-30T00:00:00Z,April,2020,NA
322,Pheno 3,10,Yes,20,30,KO,No,13.314,open sun,NA,Tallahassee,FL,NA,-84.307343,30.445109,"-84.307343, 30.445109",Austin Fife,2020-04-30T00:00:00Z,April,2020,NA
323,Pheno 4,4,Yes,5,9,KO,No,15.9536,open sun,NA,Tallahassee,FL,NA,-84.307353,30.445112,"-84.307353, 30.445112",Austin Fife,2020-04-30T00:00:00Z,April,2020,NA
324,Pheno 5,9,Yes,13,22,KO,No,16.0504,open sun,NA,Tallahassee,FL,NA,-84.307346,30.445121,"-84.307346, 30.445121",Austin Fife,2020-04-30T00:00:00Z,April,2020,NA
325,Pheno 6,3,Yes,6,9,KO,No,11.4122,open sun,NA,Tallahassee,FL,NA,-84.30733,30.445135,"-84.30733, 30.445135",Austin Fife,2020-04-30T00:00:00Z,April,2020,NA
326,Pheno 7,2,Yes,3,5,KO,No,17.2735,open sun,NA,Tallahassee,FL,NA,-84.307315,30.445172,"-84.307315, 30.445172",Austin Fife,2020-04-30T00:00:00Z,April,2020,NA
327,Pheno 8,1,Yes,0,1,KO,No,16.261,open sun,NA,Tallahassee,FL,NA,-84.307334,30.445212,"-84.307334, 30.445212",Austin Fife,2020-04-30T00:00:00Z,April,2020,NA
328,Pheno 9,4,Yes,4,8,KO,No,13.4529,open sun,NA,Tallahassee,FL,NA,-84.307321,30.445215,"-84.307321, 30.445215",Austin Fife,2020-04-30T00:00:00Z,April,2020,NA
329,Pheno 10,10,Yes,11,21,KO,No,12.5978,open sun,NA,Tallahassee,FL,NA,-84.307312,30.445219,"-84.307312, 30.445219",Austin Fife,2020-04-30T00:00:00Z,April,2020,NA
330,Pheno 11,2,Yes,3,5,KO,No,12.4876,open sun,NA,Tallahassee,FL,NA,-84.307025,30.444988,"-84.307025, 30.444988",Austin Fife,2020-04-30T00:00:00Z,April,2020,NA
331,Pheno 12,6,Yes,8,14,KO,No,15.4728,open sun,NA,Tallahassee,FL,NA,-84.307019,30.444991,"-84.307019, 30.444991",Austin Fife,2020-04-30T00:00:00Z,April,2020,NA
332,Pheno 13,5,Yes,5,10,KO,No,17.0986,open sun,NA,Tallahassee,FL,NA,-84.307001,30.444985,"-84.307001, 30.444985",Austin Fife,2020-04-30T00:00:00Z,April,2020,NA
333,Pheno 14,12,Yes,6,18,KO,No,13.7568,open sun,NA,Tallahassee,FL,NA,-84.306981,30.444969,"-84.306981, 30.444969",Austin Fife,2020-04-30T00:00:00Z,April,2020,NA
334,Pheno 15,6,Yes,9,15,KO,No,14.4502,open sun,NA,Tallahassee,FL,NA,-84.307329,30.444631,"-84.307329, 30.444631",Austin Fife,2020-04-30T00:00:00Z,April,2020,NA
335,Pheno 16,1,Yes,1,2,KO,No,15.782,open sun,NA,Tallahassee,FL,NA,-84.307353,30.444621,"-84.307353, 30.444621",Austin Fife,2020-04-30T00:00:00Z,April,2020,NA
336,Pheno 17,17,Yes,6,23,KO,No,19.0732,open sun,NA,Tallahassee,FL,NA,-84.307361,30.444622,"-84.307361, 30.444622",Austin Fife,2020-04-30T00:00:00Z,April,2020,NA
337,Pheno 18,5,Yes,15,20,KO,No,17.8162,open sun,NA,Tallahassee,FL,NA,-84.307366,30.44462,"-84.307366, 30.44462",Austin Fife,2020-04-30T00:00:00Z,April,2020,NA
338,Pheno 19,5,Yes,3,8,KO,No,16.0834,open sun,NA,Tallahassee,FL,NA,-84.307372,30.444618,"-84.307372, 30.444618",Austin Fife,2020-04-30T00:00:00Z,April,2020,NA
339,Pheno 20,11,Yes,16,27,KO,No,12.8755,open sun,NA,Tallahassee,FL,NA,-84.307384,30.444616,"-84.307384, 30.444616",Austin Fife,2020-04-30T00:00:00Z,April,2020,NA
340,Pheno 21,9,Yes,11,20,KO,No,14.0752,open sun,NA,Tallahassee,FL,NA,-84.307404,30.444615,"-84.307404, 30.444615",Austin Fife,2020-04-30T00:00:00Z,April,2020,NA
341,Pheno 22,31,Yes,6,37,KO,No,9.9879,open sun,NA,Tallahassee,FL,NA,-84.30741,30.444606,"-84.30741, 30.444606",Austin Fife,2020-04-30T00:00:00Z,April,2020,NA
342,Pheno 23,38,Yes,25,63,KO,No,9.1813,open sun,NA,Tallahassee,FL,NA,-84.307417,30.444603,"-84.307417, 30.444603",Austin Fife,2020-04-30T00:00:00Z,April,2020,NA
343,Pheno 24,8,Yes,7,15,KO,No,9.2213,open sun,NA,Tallahassee,FL,NA,-84.30743,30.444598,"-84.30743, 30.444598",Austin Fife,2020-04-30T00:00:00Z,April,2020,NA
344,Pheno 1,3,Yes,7,10,KO,No,6.089,open sun,NA,Tallahassee,FL,NA,-84.307414,30.445009,"-84.307414, 30.445009",Austin Fife,2020-06-01T00:00:00Z,June,2020,NA
345,Pheno 2,3,Yes,11,14,KO,No,5.7875,open sun,NA,Tallahassee,FL,NA,-84.307377,30.445029,"-84.307377, 30.445029",Austin Fife,2020-06-01T00:00:00Z,June,2020,NA
346,Pheno 3,1,Yes,7,8,KO,No,3.8724,open sun,NA,Tallahassee,FL,NA,-84.307376,30.445036,"-84.307376, 30.445036",Austin Fife,2020-06-01T00:00:00Z,June,2020,NA
347,Pheno 4,1,Yes,0,1,KO,No,2.0952,open sun,NA,Tallahassee,FL,NA,-84.307387,30.445075,"-84.307387, 30.445075",Austin Fife,2020-06-01T00:00:00Z,June,2020,NA
348,Pheno 5,5,Yes,4,9,KO,No,7.3128,open sun,NA,Tallahassee,FL,NA,-84.307369,30.445082,"-84.307369, 30.445082",Austin Fife,2020-06-01T00:00:00Z,June,2020,NA
349,Pheno 6,9,Yes,7,16,KO,No,6.7564,open sun,NA,Tallahassee,FL,NA,-84.307349,30.445216,"-84.307349, 30.445216",Austin Fife,2020-06-01T00:00:00Z,June,2020,NA
350,Pheno 7,12,Yes,1,13,KO,No,3.9909,open sun,NA,Tallahassee,FL,NA,-84.307275,30.445139,"-84.307275, 30.445139",Austin Fife,2020-06-01T00:00:00Z,June,2020,NA
351,Pheno 8,12,Yes,1,13,KO,No,3.8647,open sun,NA,Tallahassee,FL,NA,-84.307155,30.445187,"-84.307155, 30.445187",Austin Fife,2020-06-01T00:00:00Z,June,2020,NA
352,Pheno 9,5,Yes,2,7,KO,No,0.703,open sun,NA,Tallahassee,FL,NA,-84.307104,30.445185,"-84.307104, 30.445185",Austin Fife,2020-06-01T00:00:00Z,June,2020,NA
353,Pheno 10,2,Yes,5,7,KO,No,3.7679,open sun,NA,Tallahassee,FL,NA,-84.307079,30.445178,"-84.307079, 30.445178",Austin Fife,2020-06-01T00:00:00Z,June,2020,NA
354,Pheno 11,60,Yes,2,62,KO,No,0.7734,open sun,NA,Tallahassee,FL,NA,-84.306925,30.445037,"-84.306925, 30.445037",Austin Fife,2020-06-01T00:00:00Z,June,2020,NA
355,Pheno 12,94,Yes,8,102,KO,No,0.6403,open sun,NA,Tallahassee,FL,NA,-84.306833,30.445029,"-84.306833, 30.445029",Austin Fife,2020-06-01T00:00:00Z,June,2020,NA
356,Pheno 13,17,Yes,5,22,KO,No,0.1376,open sun,NA,Tallahassee,FL,NA,-84.306949,30.444942,"-84.306949, 30.444942",Austin Fife,2020-06-01T00:00:00Z,June,2020,NA
357,Pheno 14,0,No,0,0,KO,No,1.8757,open sun,NA,Tallahassee,FL,NA,-84.306966,30.444909,"-84.306966, 30.444909",Austin Fife,2020-06-01T00:00:00Z,June,2020,NA
358,Pheno 15,62,Yes,13,75,KO,No,4.2518,open sun,NA,Tallahassee,FL,NA,-84.307105,30.444845,"-84.307105, 30.444845",Austin Fife,2020-06-01T00:00:00Z,June,2020,NA
359,Pheno 16,45,Yes,2,47,KO,No,3.7092,open sun,NA,Tallahassee,FL,NA,-84.307311,30.444681,"-84.307311, 30.444681",Austin Fife,2020-06-01T00:00:00Z,June,2020,NA
360,Pheno 17,124,Yes,4,128,KO,No,3.7346,open sun,NA,Tallahassee,FL,NA,-84.307292,30.444688,"-84.307292, 30.444688",Austin Fife,2020-06-01T00:00:00Z,June,2020,NA
361,Pheno 18,52,Yes,8,60,KO,No,3.3468,open sun,NA,Tallahassee,FL,NA,-84.307287,30.444686,"-84.307287, 30.444686",Austin Fife,2020-06-01T00:00:00Z,June,2020,NA
362,Pheno 19,163,Yes,3,166,KO,No,1.9948,open sun,NA,Tallahassee,FL,NA,-84.307279,30.444679,"-84.307279, 30.444679",Austin Fife,2020-06-01T00:00:00Z,June,2020,NA
363,Pheno 20,57,Yes,4,61,KO,No,4.6074,open sun,NA,Tallahassee,FL,NA,-84.307277,30.444669,"-84.307277, 30.444669",Austin Fife,2020-06-01T00:00:00Z,June,2020,NA
364,Pheno 21,105,Yes,1,106,KO,No,1.65498,open sun,NA,Tallahassee,FL,NA,-84.30736,30.444657,"-84.30736, 30.444657",Austin Fife,2020-06-01T00:00:00Z,June,2020,NA
365,Pheno 22,60,Yes,1,61,KO,No,6.1229,open sun,NA,Tallahassee,FL,NA,-84.6307354,30.444681,"-84.6307354, 30.444681",Austin Fife,2020-06-01T00:00:00Z,June,2020,NA
366,Pheno 23,469,Yes,1,470,KO,No,4.4304,open sun,NA,Tallahassee,FL,NA,-84.307392,30.444679,"-84.307392, 30.444679",Austin Fife,2020-06-01T00:00:00Z,June,2020,NA
367,Pheno 24,63,Yes,0,63,KO,No,0.9298,open sun,NA,Tallahassee,FL,NA,-84.307465,30.444669,"-84.307465, 30.444669",Austin Fife,2020-06-01T00:00:00Z,June,2020,NA
368,Pheno 11,0,No,4,4,KO,No,8.6574,open sun,NA,Tallahassee,FL,NA,-84.306925,30.445037,"-84.306925, 30.445037",Austin Fife,2020-06-09T00:00:00Z,June,2020,NA
369,Pheno 12,0,No,1,1,KO,No,7.629,open sun,NA,Tallahassee,FL,NA,-84.306833,30.445029,"-84.306833, 30.445029",Austin Fife,2020-06-09T00:00:00Z,June,2020,NA
370,Pheno 13,0,No,0,0,KO,No,8.3756,open sun,NA,Tallahassee,FL,NA,-84.306949,30.444942,"-84.306949, 30.444942",Austin Fife,2020-06-09T00:00:00Z,June,2020,NA
371,Pheno 14,0,No,3,3,KO,No,1.8687,open sun,NA,Tallahassee,FL,NA,-84.306966,30.444909,"-84.306966, 30.444909",Austin Fife,2020-06-09T00:00:00Z,June,2020,NA
372,JAX 1,6,Yes,10,16,KO,No,6.3343,open sun,NA,Jacksonville,FL,NA,-81.6596976,30.3256932,"-81.6596976, 30.3256932",Austin Fife,2020-06-15T00:00:00Z,June,2020,NA
373,JAX 2,9,Yes,12,21,KO,No,3.2298,open sun,NA,Jacksonville,FL,NA,-81.660408,30.3254713,"-81.660408, 30.3254713",Austin Fife,2020-06-15T00:00:00Z,June,2020,NA
374,JAX 3,12,Yes,0,12,KO,No,1.5819,open sun,NA,Jacksonville,FL,NA,-81.67679,30.387693,"-81.67679, 30.387693",Austin Fife,2020-06-15T00:00:00Z,June,2020,NA
375,JAX 4,13,Yes,7,20,KO,No,0.8627,open sun,NA,Jacksonville,FL,NA,-81.71447,30.438251,"-81.71447, 30.438251",Austin Fife,2020-06-15T00:00:00Z,June,2020,NA
376,JAX 5,9,Yes,0,9,KO,No,1.1953,open sun,NA,Jacksonville,FL,NA,-81.699147,30.427886,"-81.699147, 30.427886",Austin Fife,2020-06-15T00:00:00Z,June,2020,NA
377,JAX 6,4,Yes,7,11,KO,No,0.6919,open sun,NA,Jacksonville,FL,NA,-81.699053,30.427822,"-81.699053, 30.427822",Austin Fife,2020-06-15T00:00:00Z,June,2020,NA
378,JAX 7,8,Yes,5,13,KO,No,2.2469,open sun,NA,Jacksonville,FL,NA,-81.697722,30.427554,"-81.697722, 30.427554",Austin Fife,2020-06-15T00:00:00Z,June,2020,NA
379,JAX 8,5,Yes,0,5,KO,No,0.5522,open sun,NA,Jacksonville,FL,NA,-81.697594,30.427493,"-81.697594, 30.427493",Austin Fife,2020-06-15T00:00:00Z,June,2020,NA
380,JAX 9,9,Yes,1,10,KO,No,2.6134,open sun,NA,Baldwin,FL,NA,-81.974917,30.302601,"-81.974917, 30.302601",Austin Fife,2020-06-15T00:00:00Z,June,2020,NA
381,JAX 10,8,Yes,2,10,KO,No,0.7982,open sun,NA,Baldwin,FL,NA,-81.974773,30.302745,"-81.974773, 30.302745",Austin Fife,2020-06-15T00:00:00Z,June,2020,NA
382,JAX 11,7,Yes,8,15,KO,No,0.6992,open sun,NA,Baldwin,FL,NA,-81.975137,30.302737,"-81.975137, 30.302737",Austin Fife,2020-06-15T00:00:00Z,June,2020,NA
383,JAX 12,3,Yes,4,7,KO,No,5.2626,open sun,NA,Baldwin,FL,NA,-81.969264,30.302629,"-81.969264, 30.302629",Austin Fife,2020-06-15T00:00:00Z,June,2020,NA
384,DFK 1,13,Yes,8,21,KO,No,0.1618,open sun,NA,Defuniak Springs,FL,NA,-86.110497,30.720977,"-86.110497, 30.720977",Austin Fife,2020-06-22T00:00:00Z,June,2020,NA
385,DFK 2A,4,Yes,4,8,?,No,2.2128,open sun,NA,Defuniak Springs,FL,NA,-86.120429,30.722034,"-86.120429, 30.722034",Austin Fife,2020-06-22T00:00:00Z,June,2020,NA
386,DFK 2B,0,No,3,3,?,No,3.4112,open sun,NA,Defuniak Springs,FL,NA,-86.120555,30.722011,"-86.120555, 30.722011",Austin Fife,2020-06-22T00:00:00Z,June,2020,NA
387,DFK 3,0,No,5,5,KO,No,1.1637,open sun,NA,Defuniak Springs,FL,NA,-86.12824,30.725328,"-86.12824, 30.725328",Austin Fife,2020-06-22T00:00:00Z,June,2020,NA
388,DFK 4,3,Yes,5,8,KO,No,6.8317,open sun,NA,Defuniak Springs,FL,NA,-86.134768,30.72845,"-86.134768, 30.72845",Austin Fife,2020-06-22T00:00:00Z,June,2020,NA
389,DFK 5,0,No,4,4,KO,No,1.2245,open sun,NA,Defuniak Springs,FL,NA,-86.148598,30.738057,"-86.148598, 30.738057",Austin Fife,2020-06-22T00:00:00Z,June,2020,NA
390,Pheno 1,0,No,0,0,KO,No,14.2356,open sun,NA,Tallahassee,FL,NA,-84.307531,30.445186,"-84.307531, 30.445186",Austin Fife,2020-08-21T00:00:00Z,August,2020,NA
391,Pheno 2,0,No,0,0,KO,No,13.8276,open sun,NA,Tallahassee,FL,NA,-84.307332,30.445218,"-84.307332, 30.445218",Austin Fife,2020-08-21T00:00:00Z,August,2020,NA
392,Pheno 3,0,No,1,1,KO,No,12.7962,open sun,NA,Tallahassee,FL,NA,-84.307343,30.445109,"-84.307343, 30.445109",Austin Fife,2020-08-21T00:00:00Z,August,2020,NA
393,Pheno 4,0,No,2,2,KO,No,14.8548,open sun,NA,Tallahassee,FL,NA,-84.307353,30.445112,"-84.307353, 30.445112",Austin Fife,2020-08-21T00:00:00Z,August,2020,NA
394,Pheno 5,0,No,0,0,KO,No,17.9768,open sun,NA,Tallahassee,FL,NA,-84.307346,30.445121,"-84.307346, 30.445121",Austin Fife,2020-08-21T00:00:00Z,August,2020,NA
395,Pheno 6,0,No,0,0,KO,No,14.3074,open sun,NA,Tallahassee,FL,NA,-84.30733,30.445135,"-84.30733, 30.445135",Austin Fife,2020-08-21T00:00:00Z,August,2020,NA
396,Pheno 7,0,No,0,0,KO,No,15.4349,open sun,NA,Tallahassee,FL,NA,-84.307315,30.445172,"-84.307315, 30.445172",Austin Fife,2020-08-21T00:00:00Z,August,2020,NA
397,Pheno 8,0,No,5,5,KO,No,16.6887,open sun,NA,Tallahassee,FL,NA,-84.307334,30.445212,"-84.307334, 30.445212",Austin Fife,2020-08-21T00:00:00Z,August,2020,NA
398,Pheno 9,0,No,1,1,KO,No,16.5888,open sun,NA,Tallahassee,FL,NA,-84.307321,30.445215,"-84.307321, 30.445215",Austin Fife,2020-08-21T00:00:00Z,August,2020,NA
399,Pheno 10,0,No,2,2,KO,No,16.4145,open sun,NA,Tallahassee,FL,NA,-84.307312,30.445219,"-84.307312, 30.445219",Austin Fife,2020-08-21T00:00:00Z,August,2020,NA
400,Pheno 11,0,No,3,3,KO,No,14.0104,open sun,NA,Tallahassee,FL,NA,-84.307025,30.444988,"-84.307025, 30.444988",Austin Fife,2020-08-21T00:00:00Z,August,2020,NA
401,Pheno 12,0,No,0,0,KO,No,14.4156,open sun,NA,Tallahassee,FL,NA,-84.307019,30.444991,"-84.307019, 30.444991",Austin Fife,2020-08-21T00:00:00Z,August,2020,NA
402,Pheno 13,0,No,14,14,KO,No,17.1178,open sun,NA,Tallahassee,FL,NA,-84.307001,30.444985,"-84.307001, 30.444985",Austin Fife,2020-08-21T00:00:00Z,August,2020,NA
403,Pheno 14,0,No,12,12,KO,No,15.3613,open sun,NA,Tallahassee,FL,NA,-84.306981,30.444969,"-84.306981, 30.444969",Austin Fife,2020-08-21T00:00:00Z,August,2020,NA
404,Pheno 15,0,No,3,3,KO,No,10.1604,open sun,NA,Tallahassee,FL,NA,-84.307329,30.444631,"-84.307329, 30.444631",Austin Fife,2020-08-21T00:00:00Z,August,2020,NA
405,Pheno 16,0,No,0,0,KO,No,9.1908,open sun,NA,Tallahassee,FL,NA,-84.307353,30.444621,"-84.307353, 30.444621",Austin Fife,2020-08-21T00:00:00Z,August,2020,NA
406,Pheno 17,1,Yes,1,2,KO,No,10.577,open sun,NA,Tallahassee,FL,NA,-84.307361,30.444622,"-84.307361, 30.444622",Austin Fife,2020-08-21T00:00:00Z,August,2020,NA
407,Pheno 18,0,No,0,0,KO,No,8.9208,open sun,NA,Tallahassee,FL,NA,-84.307366,30.44462,"-84.307366, 30.44462",Austin Fife,2020-08-21T00:00:00Z,August,2020,NA
408,Pheno 19,0,No,0,0,KO,No,7.3389,open sun,NA,Tallahassee,FL,NA,-84.307372,30.444618,"-84.307372, 30.444618",Austin Fife,2020-08-21T00:00:00Z,August,2020,NA
409,Pheno 20,0,No,0,0,KO,No,5.3765,open sun,NA,Tallahassee,FL,NA,-84.307384,30.444616,"-84.307384, 30.444616",Austin Fife,2020-08-21T00:00:00Z,August,2020,NA
410,Pheno 21,1,Yes,0,1,KO,No,9.2765,open sun,NA,Tallahassee,FL,NA,-84.307404,30.444615,"-84.307404, 30.444615",Austin Fife,2020-08-21T00:00:00Z,August,2020,NA
411,Pheno 22,0,No,1,1,KO,No,6.2997,open sun,NA,Tallahassee,FL,NA,-84.30741,30.444606,"-84.30741, 30.444606",Austin Fife,2020-08-21T00:00:00Z,August,2020,NA
412,Pheno 23,0,No,0,0,KO,No,5.2943,open sun,NA,Tallahassee,FL,NA,-84.307417,30.444603,"-84.307417, 30.444603",Austin Fife,2020-08-21T00:00:00Z,August,2020,NA
413,Pheno 24,5,Yes,2,7,KO,No,11.0329,open sun,NA,Tallahassee,FL,NA,-84.30743,30.444598,"-84.30743, 30.444598",Austin Fife,2020-08-21T00:00:00Z,August,2020,NA
414,Pheno 1,0,No,4,4,KO,No,10.7206,open sun,NA,Tallahassee,FL,NA,-84.307531,30.445186,"-84.307531, 30.445186",Austin Fife,2020-10-06T00:00:00Z,October,2020,NA
415,Pheno 2,0,No,2,2,KO,No,7.3801,open sun,NA,Tallahassee,FL,NA,-84.307332,30.445218,"-84.307332, 30.445218",Austin Fife,2020-10-06T00:00:00Z,October,2020,NA
416,Pheno 3,0,No,3,3,KO,No,16.7215,open sun,NA,Tallahassee,FL,NA,-84.307343,30.445109,"-84.307343, 30.445109",Austin Fife,2020-10-06T00:00:00Z,October,2020,NA
417,Pheno 4,0,No,3,3,KO,No,12.2313,open sun,NA,Tallahassee,FL,NA,-84.307353,30.445112,"-84.307353, 30.445112",Austin Fife,2020-10-06T00:00:00Z,October,2020,NA
418,Pheno 5,0,No,3,3,KO,No,15.4398,open sun,NA,Tallahassee,FL,NA,-84.307346,30.445121,"-84.307346, 30.445121",Austin Fife,2020-10-06T00:00:00Z,October,2020,NA
419,Pheno 6,0,No,10,10,KO,No,7.8755,open sun,NA,Tallahassee,FL,NA,-84.30733,30.445135,"-84.30733, 30.445135",Austin Fife,2020-10-06T00:00:00Z,October,2020,NA
420,Pheno 7,0,No,5,5,KO,No,11.6132,open sun,NA,Tallahassee,FL,NA,-84.307315,30.445172,"-84.307315, 30.445172",Austin Fife,2020-10-06T00:00:00Z,October,2020,NA
421,Pheno 8,0,No,9,9,KO,No,17.896,open sun,NA,Tallahassee,FL,NA,-84.307334,30.445212,"-84.307334, 30.445212",Austin Fife,2020-10-06T00:00:00Z,October,2020,NA
422,Pheno 9,0,No,4,4,KO,No,13.5067,open sun,NA,Tallahassee,FL,NA,-84.307321,30.445215,"-84.307321, 30.445215",Austin Fife,2020-10-06T00:00:00Z,October,2020,NA
423,Pheno 10,0,No,22,22,KO,No,7.5414,open sun,NA,Tallahassee,FL,NA,-84.307312,30.445219,"-84.307312, 30.445219",Austin Fife,2020-10-06T00:00:00Z,October,2020,NA
424,Pheno 11,0,No,9,9,KO,No,8.2,open sun,NA,Tallahassee,FL,NA,-84.307025,30.444988,"-84.307025, 30.444988",Austin Fife,2020-10-06T00:00:00Z,October,2020,NA
425,Pheno 12,0,No,15,15,KO,No,7.822,open sun,NA,Tallahassee,FL,NA,-84.307019,30.444991,"-84.307019, 30.444991",Austin Fife,2020-10-06T00:00:00Z,October,2020,NA
426,Pheno 13,0,No,6,6,KO,No,4.6337,open sun,NA,Tallahassee,FL,NA,-84.307001,30.444985,"-84.307001, 30.444985",Austin Fife,2020-10-06T00:00:00Z,October,2020,NA
427,Pheno 14,0,No,8,8,KO,No,6.556,open sun,NA,Tallahassee,FL,NA,-84.306981,30.444969,"-84.306981, 30.444969",Austin Fife,2020-10-06T00:00:00Z,October,2020,NA
428,Pheno 15,0,No,17,17,KO,No,12.653,open sun,NA,Tallahassee,FL,NA,-84.307329,30.444631,"-84.307329, 30.444631",Austin Fife,2020-10-06T00:00:00Z,October,2020,NA
429,Pheno 16,0,No,18,18,KO,No,2.4251,open sun,NA,Tallahassee,FL,NA,-84.307353,30.444621,"-84.307353, 30.444621",Austin Fife,2020-10-06T00:00:00Z,October,2020,NA
430,Pheno 17,0,No,8,8,KO,No,5.1403,open sun,NA,Tallahassee,FL,NA,-84.307361,30.444622,"-84.307361, 30.444622",Austin Fife,2020-10-06T00:00:00Z,October,2020,NA
431,Pheno 18,0,No,21,21,KO,No,2.5533,open sun,NA,Tallahassee,FL,NA,-84.307366,30.44462,"-84.307366, 30.44462",Austin Fife,2020-10-06T00:00:00Z,October,2020,NA
432,Pheno 19,0,No,8,8,KO,No,7.2841,open sun,NA,Tallahassee,FL,NA,-84.307372,30.444618,"-84.307372, 30.444618",Austin Fife,2020-10-06T00:00:00Z,October,2020,NA
433,Pheno 20,0,No,8,8,KO,No,3.9683,open sun,NA,Tallahassee,FL,NA,-84.307384,30.444616,"-84.307384, 30.444616",Austin Fife,2020-10-06T00:00:00Z,October,2020,NA
434,Pheno 21,0,No,1,1,KO,No,1.8932,open sun,NA,Tallahassee,FL,NA,-84.307404,30.444615,"-84.307404, 30.444615",Austin Fife,2020-10-06T00:00:00Z,October,2020,NA
435,Pheno 22,0,No,0,0,KO,No,5.5187,open sun,NA,Tallahassee,FL,NA,-84.30741,30.444606,"-84.30741, 30.444606",Austin Fife,2020-10-06T00:00:00Z,October,2020,NA
436,Pheno 23,0,No,2,2,KO,No,4.7041,open sun,NA,Tallahassee,FL,NA,-84.307417,30.444603,"-84.307417, 30.444603",Austin Fife,2020-10-06T00:00:00Z,October,2020,NA
437,Pheno 24,0,No,2,2,KO,No,6.4724,open sun,NA,Tallahassee,FL,NA,-84.30743,30.444598,"-84.30743, 30.444598",Austin Fife,2020-10-06T00:00:00Z,October,2020,NA
438,Pheno 1,52,Yes,28,80,KO,No,8.994,open sun,NA,Tallahassee,FL,NA,-84.307531,30.445186,"-84.307531, 30.445186",Austin Fife,2020-11-05T00:00:00Z,November,2020,NA
439,Pheno 2,339,Yes,3,342,KO,No,6.1781,open sun,NA,Tallahassee,FL,NA,-84.307332,30.445218,"-84.307332, 30.445218",Austin Fife,2020-11-05T00:00:00Z,November,2020,NA
440,Pheno 3,252,Yes,2,254,KO,No,5.0136,open sun,NA,Tallahassee,FL,NA,-84.307343,30.445109,"-84.307343, 30.445109",Austin Fife,2020-11-05T00:00:00Z,November,2020,NA
441,Pheno 4,130,Yes,8,138,KO,No,6.5886,open sun,NA,Tallahassee,FL,NA,-84.307353,30.445112,"-84.307353, 30.445112",Austin Fife,2020-11-05T00:00:00Z,November,2020,NA
442,Pheno 5,196,Yes,12,208,KO,No,5.2619,open sun,NA,Tallahassee,FL,NA,-84.307346,30.445121,"-84.307346, 30.445121",Austin Fife,2020-11-05T00:00:00Z,November,2020,NA
443,Pheno 6,180,Yes,12,192,KO,No,5.4942,open sun,NA,Tallahassee,FL,NA,-84.30733,30.445135,"-84.30733, 30.445135",Austin Fife,2020-11-05T00:00:00Z,November,2020,NA
444,Pheno 7,37,Yes,16,53,KO,No,3.5128,open sun,NA,Tallahassee,FL,NA,-84.307315,30.445172,"-84.307315, 30.445172",Austin Fife,2020-11-05T00:00:00Z,November,2020,NA
445,Pheno 8,66,Yes,10,76,KO,No,2.8361,open sun,NA,Tallahassee,FL,NA,-84.307334,30.445212,"-84.307334, 30.445212",Austin Fife,2020-11-05T00:00:00Z,November,2020,NA
446,Pheno 9,22,Yes,9,31,KO,No,10.8003,open sun,NA,Tallahassee,FL,NA,-84.307321,30.445215,"-84.307321, 30.445215",Austin Fife,2020-11-05T00:00:00Z,November,2020,NA
447,Pheno 10,32,Yes,13,45,KO,No,14.6463,open sun,NA,Tallahassee,FL,NA,-84.307312,30.445219,"-84.307312, 30.445219",Austin Fife,2020-11-05T00:00:00Z,November,2020,NA
448,Pheno 11,41,Yes,39,80,KO,No,9.066,open sun,NA,Tallahassee,FL,NA,-84.307025,30.444988,"-84.307025, 30.444988",Austin Fife,2020-11-05T00:00:00Z,November,2020,NA
449,Pheno 12,9,Yes,44,53,KO,No,6.0273,open sun,NA,Tallahassee,FL,NA,-84.307019,30.444991,"-84.307019, 30.444991",Austin Fife,2020-11-05T00:00:00Z,November,2020,NA
450,Pheno 13,2,Yes,25,27,KO,No,8.1878,open sun,NA,Tallahassee,FL,NA,-84.307001,30.444985,"-84.307001, 30.444985",Austin Fife,2020-11-05T00:00:00Z,November,2020,NA
451,Pheno 14,4,Yes,8,12,KO,No,7.8305,open sun,NA,Tallahassee,FL,NA,-84.306981,30.444969,"-84.306981, 30.444969",Austin Fife,2020-11-05T00:00:00Z,November,2020,NA
452,Pheno 15,0,No,23,23,KO,No,8.5494,open sun,NA,Tallahassee,FL,NA,-84.307329,30.444631,"-84.307329, 30.444631",Austin Fife,2020-11-05T00:00:00Z,November,2020,NA
453,Pheno 16,3,Yes,36,39,KO,No,8.372,open sun,NA,Tallahassee,FL,NA,-84.307353,30.444621,"-84.307353, 30.444621",Austin Fife,2020-11-05T00:00:00Z,November,2020,NA
454,Pheno 17,0,No,24,24,KO,No,8.1462,open sun,NA,Tallahassee,FL,NA,-84.307361,30.444622,"-84.307361, 30.444622",Austin Fife,2020-11-05T00:00:00Z,November,2020,NA
455,Pheno 18,1,Yes,18,19,KO,No,8.8051,open sun,NA,Tallahassee,FL,NA,-84.307366,30.44462,"-84.307366, 30.44462",Austin Fife,2020-11-05T00:00:00Z,November,2020,NA
456,Pheno 19,3,Yes,10,13,KO,No,6.0737,open sun,NA,Tallahassee,FL,NA,-84.307372,30.444618,"-84.307372, 30.444618",Austin Fife,2020-11-05T00:00:00Z,November,2020,NA
457,Pheno 20,47,Yes,14,61,KO,No,1.4696,open sun,NA,Tallahassee,FL,NA,-84.307384,30.444616,"-84.307384, 30.444616",Austin Fife,2020-11-05T00:00:00Z,November,2020,NA
458,Pheno 21,48,Yes,20,68,KO,No,4.8921,open sun,NA,Tallahassee,FL,NA,-84.307404,30.444615,"-84.307404, 30.444615",Austin Fife,2020-11-05T00:00:00Z,November,2020,NA
459,Pheno 22,21,Yes,31,52,KO,No,5.7497,open sun,NA,Tallahassee,FL,NA,-84.30741,30.444606,"-84.30741, 30.444606",Austin Fife,2020-11-05T00:00:00Z,November,2020,NA
460,Pheno 23,6,Yes,10,16,KO,No,2.791,open sun,NA,Tallahassee,FL,NA,-84.307417,30.444603,"-84.307417, 30.444603",Austin Fife,2020-11-05T00:00:00Z,November,2020,NA
461,Pheno 24,42,Yes,27,69,KO,No,3.7724,open sun,NA,Tallahassee,FL,NA,-84.30743,30.444598,"-84.30743, 30.444598",Austin Fife,2020-11-05T00:00:00Z,November,2020,NA
462,Pheno 1,6,Yes,9,15,KO,No,7.7564,open sun,NA,Tallahassee,FL,NA,-84.307531,30.445186,"-84.307531, 30.445186",Austin Fife,2021-03-18T00:00:00Z,March,2021,NA
463,Pheno 2,57,Yes,47,104,KO,No,10.2885,open sun,NA,Tallahassee,FL,NA,-84.307332,30.445218,"-84.307332, 30.445218",Austin Fife,2021-03-18T00:00:00Z,March,2021,NA
464,Pheno 3,16,Yes,17,33,KO,No,6.9861,open sun,NA,Tallahassee,FL,NA,-84.307343,30.445109,"-84.307343, 30.445109",Austin Fife,2021-03-18T00:00:00Z,March,2021,NA
465,Pheno 4,20,Yes,9,29,KO,No,7.9235,open sun,NA,Tallahassee,FL,NA,-84.307353,30.445112,"-84.307353, 30.445112",Austin Fife,2021-03-18T00:00:00Z,March,2021,NA
466,Pheno 5,30,Yes,6,36,KO,No,10.5772,open sun,NA,Tallahassee,FL,NA,-84.307346,30.445121,"-84.307346, 30.445121",Austin Fife,2021-03-18T00:00:00Z,March,2021,NA
467,Pheno 6,16,Yes,6,22,KO,No,7.0806,open sun,NA,Tallahassee,FL,NA,-84.30733,30.445135,"-84.30733, 30.445135",Austin Fife,2021-03-18T00:00:00Z,March,2021,NA
468,Pheno 7,5,Yes,2,7,KO,No,5.2175,open sun,NA,Tallahassee,FL,NA,-84.307315,30.445172,"-84.307315, 30.445172",Austin Fife,2021-03-18T00:00:00Z,March,2021,NA
469,Pheno 8,3,Yes,6,9,KO,No,5.9428,open sun,NA,Tallahassee,FL,NA,-84.307334,30.445212,"-84.307334, 30.445212",Austin Fife,2021-03-18T00:00:00Z,March,2021,NA
470,Pheno 9,5,Yes,200,205,KO,No,6.8128,open sun,NA,Tallahassee,FL,NA,-84.307321,30.445215,"-84.307321, 30.445215",Austin Fife,2021-03-18T00:00:00Z,March,2021,NA
471,Pheno 10,19,Yes,10,29,KO,No,9.842,open sun,NA,Tallahassee,FL,NA,-84.307312,30.445219,"-84.307312, 30.445219",Austin Fife,2021-03-18T00:00:00Z,March,2021,NA
472,Pheno 11,35,Yes,8,43,KO,No,5.6123,open sun,NA,Tallahassee,FL,NA,-84.307025,30.444988,"-84.307025, 30.444988",Austin Fife,2021-03-18T00:00:00Z,March,2021,NA
473,Pheno 12,0,No,2,2,KO,No,18.7904,open sun,NA,Tallahassee,FL,NA,-84.307019,30.444991,"-84.307019, 30.444991",Austin Fife,2021-03-18T00:00:00Z,March,2021,NA
474,Pheno 13,27,Yes,15,42,KO,No,6.3951,open sun,NA,Tallahassee,FL,NA,-84.307001,30.444985,"-84.307001, 30.444985",Austin Fife,2021-03-18T00:00:00Z,March,2021,NA
475,Pheno 14,18,Yes,6,24,KO,No,16.4817,open sun,NA,Tallahassee,FL,NA,-84.306981,30.444969,"-84.306981, 30.444969",Austin Fife,2021-03-18T00:00:00Z,March,2021,NA
476,Pheno 15,4,Yes,13,17,KO,No,10.2334,open sun,NA,Tallahassee,FL,NA,-84.307329,30.444631,"-84.307329, 30.444631",Austin Fife,2021-03-18T00:00:00Z,March,2021,NA
477,Pheno 16,7,Yes,23,30,KO,No,10.0205,open sun,NA,Tallahassee,FL,NA,-84.307353,30.444621,"-84.307353, 30.444621",Austin Fife,2021-03-18T00:00:00Z,March,2021,NA
478,Pheno 17,3,Yes,75,78,KO,No,10.8634,open sun,NA,Tallahassee,FL,NA,-84.307361,30.444622,"-84.307361, 30.444622",Austin Fife,2021-03-18T00:00:00Z,March,2021,NA
479,Pheno 18,15,Yes,64,79,KO,No,6.7253,open sun,NA,Tallahassee,FL,NA,-84.307366,30.44462,"-84.307366, 30.44462",Austin Fife,2021-03-18T00:00:00Z,March,2021,NA
480,Pheno 19,6,Yes,5,11,KO,No,21.6288,open sun,NA,Tallahassee,FL,NA,-84.307372,30.444618,"-84.307372, 30.444618",Austin Fife,2021-03-18T00:00:00Z,March,2021,NA
481,Pheno 20,27,Yes,43,70,KO,No,7.6008,open sun,NA,Tallahassee,FL,NA,-84.307384,30.444616,"-84.307384, 30.444616",Austin Fife,2021-03-18T00:00:00Z,March,2021,NA
482,Pheno 21,17,Yes,0,17,KO,No,7.3385,open sun,NA,Tallahassee,FL,NA,-84.307404,30.444615,"-84.307404, 30.444615",Austin Fife,2021-03-18T00:00:00Z,March,2021,NA
483,Pheno 22,27,Yes,4,31,KO,No,21.4253,open sun,NA,Tallahassee,FL,NA,-84.30741,30.444606,"-84.30741, 30.444606",Austin Fife,2021-03-18T00:00:00Z,March,2021,NA
484,Pheno 23,33,Yes,4,37,KO,No,4.51,open sun,NA,Tallahassee,FL,NA,-84.307417,30.444603,"-84.307417, 30.444603",Austin Fife,2021-03-18T00:00:00Z,March,2021,NA
485,Pheno 24,28,Yes,5,33,KO,No,18.4711,open sun,NA,Tallahassee,FL,NA,-84.30743,30.444598,"-84.30743, 30.444598",Austin Fife,2021-03-18T00:00:00Z,March,2021,NA
486,Samples 2021 - 1,0,No,3,3,Unknown,No,NA,NA,NA,Perry,FL,NA,-83.57833,30.1115,"-83.57833, 30.1115",NA,2021-05-03T00:00:00Z,May,2021,NA
487,Samples 2021 - 2,0,No,32,32,Unknown,No,NA,NA,NA,Mayo,FL,NA,-83.18075,30.0548201,"-83.18075, 30.0548201",NA,2021-05-03T00:00:00Z,May,2021,NA
488,Samples 2021 - 3,0,No,12,12,Unknown,No,NA,NA,NA,Branford,FL,NA,-82.923163,29.956846,"-82.923163, 29.956846",NA,2021-05-03T00:00:00Z,May,2021,NA
489,Samples 2021 - 4,0,No,1,1,Unknown,No,NA,NA,NA,Lake City,FL,NA,-82.663742,29.878487,"-82.663742, 29.878487",NA,2021-05-03T00:00:00Z,May,2021,NA
490,Samples 2021 - 5,0,No,2,2,Unknown,No,NA,NA,NA,Gainesville,FL,NA,-82.365659,29.636911,"-82.365659, 29.636911",NA,2021-05-03T00:00:00Z,May,2021,NA
491,Samples 2021 - 6,0,No,4,4,Unknown,No,NA,NA,NA,Gainesville,FL,NA,-82.365659,29.636911,"-82.365659, 29.636911",NA,2021-05-03T00:00:00Z,May,2021,NA
492,Samples 2021 - 7,0,No,200,200,Unknown,No,NA,NA,NA,Greenwood,FL,NA,-82.57149,28.00751,"-82.57149, 28.00751",NA,2021-04-12T00:00:00Z,April,2021,NA
493,Samples 2021 - 8,0,No,11,11,Unknown,No,NA,NA,NA,Marianna,FL,NA,-85.20554,30.76829,"-85.20554, 30.76829",NA,2021-04-12T00:00:00Z,April,2021,NA
494,Samples 2021 - 9,0,No,26,26,Unknown,No,NA,NA,NA,Grand Ridge,FL,NA,-85.052368,30.719872,"-85.052368, 30.719872",NA,2021-04-12T00:00:00Z,April,2021,NA
495,Samples 2021 - 10,0,No,4,4,Unknown,No,NA,NA,NA,Grand Ridge,FL,NA,-85.031265,30.719,"-85.031265, 30.719",NA,2021-04-12T00:00:00Z,April,2021,NA
496,Samples 2021 - 11,0,No,1,1,Unknown,No,NA,NA,NA,Sneads,FL,NA,-84.912788,30.710668,"-84.912788, 30.710668",NA,2021-04-12T00:00:00Z,April,2021,NA
497,Samples 2021 - 12,0,No,20,20,Unknown,No,NA,NA,NA,Monticello,FL,NA,-83.87114,30.545137,"-83.87114, 30.545137",NA,2021-04-14T00:00:00Z,April,2021,NA
498,Samples 2021 - 13,0,No,356,356,Unknown,No,NA,NA,NA,Greenville,FL,NA,-83.630917,30.468417,"-83.630917, 30.468417",NA,2021-04-14T00:00:00Z,April,2021,NA
499,Samples 2021 - 14,0,No,14,14,Unknown,No,NA,NA,NA,Madison,FL,NA,-83.464048,30.488286,"-83.464048, 30.488286",NA,2021-04-14T00:00:00Z,April,2021,NA
500,Samples 2021 - 15,0,No,370,370,Unknown,No,NA,NA,NA,Live Oak,FL,NA,-83.006879,30.305971,"-83.006879, 30.305971",NA,2021-04-14T00:00:00Z,April,2021,NA
501,Samples 2021 - 16,0,No,6,6,Unknown,No,NA,NA,NA,Live Oak,FL,NA,-82.990367,30.29921,"-82.990367, 30.29921",NA,2021-04-14T00:00:00Z,April,2021,NA
502,Samples 2021 - 17,0,No,61,61,Unknown,No,NA,NA,NA,Lake City,FL,NA,-82.7131126,30.185388,"-82.7131126, 30.185388",NA,2021-04-14T00:00:00Z,April,2021,NA
503,Samples 2021 - 18,0,No,4,4,Unknown,No,NA,NA,NA,Lake City,FL,NA,-82.686168,30.180634,"-82.686168, 30.180634",NA,2021-04-14T00:00:00Z,April,2021,NA
504,Samples 2021 - 19,49,Yes,4,53,Unknown,No,NA,NA,NA,Lake City,FL,NA,-82.679699,30.179578,"-82.679699, 30.179578",NA,2021-04-14T00:00:00Z,April,2021,NA
505,Samples 2021 - 20,0,No,402,402,Unknown,No,NA,NA,NA,Lake City,FL,NA,-82.636791,30.18956,"-82.636791, 30.18956",NA,2021-04-14T00:00:00Z,April,2021,NA
506,Samples 2021 - 21,0,No,78,78,Unknown,No,NA,NA,NA,Sanderson,FL,NA,-82.297222,30.240982,"-82.297222, 30.240982",NA,2021-04-14T00:00:00Z,April,2021,NA
507,Samples 2021 - 22,0,No,400,400,Unknown,No,NA,NA,NA,Macclenny,FL,NA,-82.117969,30.28349,"-82.117969, 30.28349",NA,2021-04-14T00:00:00Z,April,2021,NA
508,Samples 2021 - 23,0,No,300,300,Unknown,No,NA,NA,NA,Baldwin,FL,NA,-81.983047,30.302504,"-81.983047, 30.302504",NA,2021-04-14T00:00:00Z,April,2021,NA
509,Samples 2021 - 24,0,No,9,9,Unknown,No,NA,NA,NA,Baldwin,FL,NA,-81.969206,30.302698,"-81.969206, 30.302698",NA,2021-04-14T00:00:00Z,April,2021,NA
510,Samples 2021 - 25,0,No,9,9,Unknown,No,NA,NA,NA,Jacksonville,FL,NA,-81.517635,30.232043,"-81.517635, 30.232043",NA,2021-04-14T00:00:00Z,April,2021,NA
511,Samples 2021 - 26,0,No,3,3,Unknown,No,NA,NA,NA,Jacksonville,FL,NA,-81.519349,30.233539,"-81.519349, 30.233539",NA,2021-04-14T00:00:00Z,April,2021,NA
512,Samples 2021 - 27,0,No,52,52,Unknown,No,NA,NA,NA,Orange Park,FL,NA,-81.702198,30.184131,"-81.702198, 30.184131",NA,2021-04-14T00:00:00Z,April,2021,NA
513,Samples 2021 - 28,0,No,300,300,Unknown,No,NA,NA,NA,Orange Park,FL,NA,-81.70179,30.186593,"-81.70179, 30.186593",NA,2021-04-14T00:00:00Z,April,2021,NA
514,Samples 2021 - 29,0,No,11,11,Unknown,No,NA,NA,NA,Orange Park,FL,NA,-81.702115,30.188659,"-81.702115, 30.188659",NA,2021-04-14T00:00:00Z,April,2021,NA
515,Samples 2021 - 30,0,No,0,0,Unknown,No,NA,NA,NA,Jacksonville,FL,NA,-81.741606,30.194178,"-81.741606, 30.194178",NA,2021-04-14T00:00:00Z,April,2021,NA
