Sample #,Treatment,Total P.fructiphilus,Other Mites,Plant,Block,Field,H-B Score,RRD,AUDPC,Final disease severity (%),Date
1,Water,0,0,W1,1,Athens,0,S,0,0,2018-08-31T00:00:00Z
2,Water,0,0,W2,2,Athens,0,A?,0,0,2018-08-31T00:00:00Z
3,Water,0,0,W3,3,Athens,0,A,0,0,2018-08-31T00:00:00Z
4,Water,0,0,W4,4,Athens,0,A,0,0,2018-08-31T00:00:00Z
5,Water,0,0,W5,5,Athens,0,S,0,0,2018-08-31T00:00:00Z
6,Water,0,0,W6,6,Athens,0,S,0,0,2018-08-31T00:00:00Z
7,Water,0,0,W7,7,Athens,0,A,0,0,2018-08-31T00:00:00Z
8,Water,0,0,W8,8,Athens,0,A?,0,0,2018-08-31T00:00:00Z
9,Water,0,0,W9,9,Athens,0,A,0,0,2018-08-31T00:00:00Z
10,Water,0,0,W10,10,Athens,0,A?,0,0,2018-08-31T00:00:00Z
11,Water,0,0,W11,11,Athens,0,A?,0,0,2018-08-31T00:00:00Z
12,Water,0,0,W12,12,Athens,0,S,0,0,2018-08-31T00:00:00Z
13,Low,0,0,L1,1,Athens,0,A,0,0,2018-08-31T00:00:00Z
14,Low,0,0,L2,2,Athens,0,A,0,0,2018-08-31T00:00:00Z
15,Low,0,0,L3,3,Athens,0,S,0,0,2018-08-31T00:00:00Z
16,Low,0,0,L4,4,Athens,0,A,0,0,2018-08-31T00:00:00Z
17,Low,0,0,L5,5,Athens,0,S,0,0,2018-08-31T00:00:00Z
18,Low,0,0,L6,6,Athens,0,A,0,0,2018-08-31T00:00:00Z
19,Low,0,0,L7,7,Athens,0,S,0,0,2018-08-31T00:00:00Z
20,Low,0,0,L8,8,Athens,0,A,0,0,2018-08-31T00:00:00Z
21,Low,0,0,L9,9,Athens,0,S,0,0,2018-08-31T00:00:00Z
22,Low,0,0,L10,10,Athens,0,A,0,0,2018-08-31T00:00:00Z
23,Low,0,0,L11,11,Athens,0,A,0,0,2018-08-31T00:00:00Z
24,Low,0,0,L12,12,Athens,0,A,0,0,2018-08-31T00:00:00Z
25,High,0,0,H1,1,Athens,0,S?,0,0,2018-08-31T00:00:00Z
26,High,0,0,H2,2,Athens,0,S,0,0,2018-08-31T00:00:00Z
27,High,0,0,H3,3,Athens,0,S,0,0,2018-08-31T00:00:00Z
28,High,0,0,H4,4,Athens,0,A,0,0,2018-08-31T00:00:00Z
29,High,0,0,H5,5,Athens,0,S,0,0,2018-08-31T00:00:00Z
30,High,0,0,H6,6,Athens,0,A,0,0,2018-08-31T00:00:00Z
31,High,0,0,H7,7,Athens,0,S,0,0,2018-08-31T00:00:00Z
32,High,0,0,H8,8,Athens,0,S,0,0,2018-08-31T00:00:00Z
33,High,0,0,H9,9,Athens,0,S,0,0,2018-08-31T00:00:00Z
34,High,0,0,H10,10,Athens,0,A,0,0,2018-08-31T00:00:00Z
35,High,0,0,H11,11,Athens,0,A,0,0,2018-08-31T00:00:00Z
36,High,0,0,H12,12,Athens,0,A,0,0,2018-08-31T00:00:00Z
37,NoTrt,0,0,C1,1,Athens,0,A,0,0,2018-08-31T00:00:00Z
38,NoTrt,0,0,C2,2,Athens,0,A,0,0,2018-08-31T00:00:00Z
39,NoTrt,0,0,C3,3,Athens,0,A,0,0,2018-08-31T00:00:00Z
40,NoTrt,0,0,C4,4,Athens,0,A,0,0,2018-08-31T00:00:00Z
41,NoTrt,0,0,C5,5,Athens,0,A,0,0,2018-08-31T00:00:00Z
42,NoTrt,0,0,C6,6,Athens,0,A,0,0,2018-08-31T00:00:00Z
43,NoTrt,0,0,C7,7,Athens,0,A,0,0,2018-08-31T00:00:00Z
44,NoTrt,0,0,C8,8,Athens,0,A,0,0,2018-08-31T00:00:00Z
45,NoTrt,0,0,C9,9,Athens,0,A,0,0,2018-08-31T00:00:00Z
46,NoTrt,0,0,C10,10,Athens,0,A,0,0,2018-08-31T00:00:00Z
47,NoTrt,0,0,C11,11,Athens,0,A,0,0,2018-08-31T00:00:00Z
48,NoTrt,0,0,C12,12,Athens,0,A,0,0,2018-08-31T00:00:00Z
49,Water,0,0,W1,1,Athens,0,S,0,0,2018-09-07T00:00:00Z
50,Water,0,0,W2,2,Athens,0,A?,0,0,2018-09-07T00:00:00Z
51,Water,0,0,W3,3,Athens,0,A,0,0,2018-09-07T00:00:00Z
52,Water,0,0,W4,4,Athens,0,A,0,0,2018-09-07T00:00:00Z
53,Water,0,0,W5,5,Athens,0,S,0,0,2018-09-07T00:00:00Z
54,Water,0,0,W6,6,Athens,0,S,0,0,2018-09-07T00:00:00Z
55,Water,0,0,W7,7,Athens,0,A,0,0,2018-09-07T00:00:00Z
56,Water,0,0,W8,8,Athens,0,A?,0,0,2018-09-07T00:00:00Z
57,Water,0,0,W9,9,Athens,0,A,0,0,2018-09-07T00:00:00Z
58,Water,0,0,W10,10,Athens,0,A?,0,0,2018-09-07T00:00:00Z
59,Water,0,0,W11,11,Athens,0,A?,0,0,2018-09-07T00:00:00Z
60,Water,0,0,W12,12,Athens,0,S,0,0,2018-09-07T00:00:00Z
61,Low,0,0,L1,1,Athens,0,A,0,0,2018-09-07T00:00:00Z
62,Low,0,0,L2,2,Athens,0,A,0,0,2018-09-07T00:00:00Z
63,Low,0,0,L3,3,Athens,0,S,0,0,2018-09-07T00:00:00Z
64,Low,0,0,L4,4,Athens,0,A,0,0,2018-09-07T00:00:00Z
65,Low,0,0,L5,5,Athens,0,S,0,0,2018-09-07T00:00:00Z
66,Low,0,0,L6,6,Athens,0,A,0,0,2018-09-07T00:00:00Z
67,Low,0,0,L7,7,Athens,0,S,0,0,2018-09-07T00:00:00Z
68,Low,0,0,L8,8,Athens,0,A,0,0,2018-09-07T00:00:00Z
69,Low,0,0,L9,9,Athens,0,S,0,0,2018-09-07T00:00:00Z
70,Low,0,0,L10,10,Athens,0,A,0,0,2018-09-07T00:00:00Z
71,Low,0,0,L11,11,Athens,0,A,0,0,2018-09-07T00:00:00Z
72,Low,0,0,L12,12,Athens,0,A,0,0,2018-09-07T00:00:00Z
73,High,0,0,H1,1,Athens,0,S?,0,0,2018-09-07T00:00:00Z
74,High,0,0,H2,2,Athens,0,S,0,0,2018-09-07T00:00:00Z
75,High,0,0,H3,3,Athens,0,S,0,0,2018-09-07T00:00:00Z
76,High,0,0,H4,4,Athens,0,A,0,0,2018-09-07T00:00:00Z
77,High,0,0,H5,5,Athens,0,S,0,0,2018-09-07T00:00:00Z
78,High,0,0,H6,6,Athens,0,A,0,0,2018-09-07T00:00:00Z
79,High,0,0,H7,7,Athens,0,S,0,0,2018-09-07T00:00:00Z
80,High,0,0,H8,8,Athens,0,S,0,0,2018-09-07T00:00:00Z
81,High,0,0,H9,9,Athens,0,S,0,0,2018-09-07T00:00:00Z
82,High,0,0,H10,10,Athens,0,A,0,0,2018-09-07T00:00:00Z
83,High,0,0,H11,11,Athens,0,A,0,0,2018-09-07T00:00:00Z
84,High,0,0,H12,12,Athens,0,A,0,0,2018-09-07T00:00:00Z
85,NoTrt,0,0,C1,1,Athens,0,A,0,0,2018-09-07T00:00:00Z
86,NoTrt,0,0,C2,2,Athens,0,A,0,0,2018-09-07T00:00:00Z
87,NoTrt,0,0,C3,3,Athens,0,A,0,0,2018-09-07T00:00:00Z
88,NoTrt,0,0,C4,4,Athens,0,A,0,0,2018-09-07T00:00:00Z
89,NoTrt,0,0,C5,5,Athens,0,A,0,0,2018-09-07T00:00:00Z
90,NoTrt,0,0,C6,6,Athens,0,A,0,0,2018-09-07T00:00:00Z
91,NoTrt,0,0,C7,7,Athens,0,A,0,0,2018-09-07T00:00:00Z
92,NoTrt,0,0,C8,8,Athens,0,A,0,0,2018-09-07T00:00:00Z
93,NoTrt,0,0,C9,9,Athens,0,A,0,0,2018-09-07T00:00:00Z
94,NoTrt,0,0,C10,10,Athens,0,A,0,0,2018-09-07T00:00:00Z
95,NoTrt,0,0,C11,11,Athens,0,A,0,0,2018-09-07T00:00:00Z
96,NoTrt,0,0,C12,12,Athens,0,A,0,0,2018-09-07T00:00:00Z
97,Water,0,0,W1,1,Athens,0,S,0,0,2018-09-14T00:00:00Z
98,Water,0,0,W2,2,Athens,0,A?,0,0,2018-09-14T00:00:00Z
99,Water,0,0,W3,3,Athens,0,A,0,0,2018-09-14T00:00:00Z
100,Water,0,0,W4,4,Athens,0,A,0,0,2018-09-14T00:00:00Z
101,Water,0,0,W5,5,Athens,0,S,0,0,2018-09-14T00:00:00Z
102,Water,0,0,W6,6,Athens,0,S,0,0,2018-09-14T00:00:00Z
103,Water,0,0,W7,7,Athens,0,A,0,0,2018-09-14T00:00:00Z
104,Water,0,0,W8,8,Athens,0,A?,0,0,2018-09-14T00:00:00Z
105,Water,0,0,W9,9,Athens,0,A,0,0,2018-09-14T00:00:00Z
106,Water,0,0,W10,10,Athens,0,A?,0,0,2018-09-14T00:00:00Z
107,Water,0,0,W11,11,Athens,0,A?,0,0,2018-09-14T00:00:00Z
108,Water,0,0,W12,12,Athens,0,S,0,0,2018-09-14T00:00:00Z
109,Low,0,0,L1,1,Athens,0,A,0,0,2018-09-14T00:00:00Z
110,Low,0,0,L2,2,Athens,0,A,0,0,2018-09-14T00:00:00Z
111,Low,0,0,L3,3,Athens,0,S,0,0,2018-09-14T00:00:00Z
112,Low,0,0,L4,4,Athens,0,A,0,0,2018-09-14T00:00:00Z
113,Low,0,0,L5,5,Athens,0,S,0,0,2018-09-14T00:00:00Z
114,Low,0,0,L6,6,Athens,0,A,0,0,2018-09-14T00:00:00Z
115,Low,0,0,L7,7,Athens,0,S,0,0,2018-09-14T00:00:00Z
116,Low,0,0,L8,8,Athens,0,A,0,0,2018-09-14T00:00:00Z
117,Low,0,0,L9,9,Athens,0,S,0,0,2018-09-14T00:00:00Z
118,Low,0,0,L10,10,Athens,0,A,0,0,2018-09-14T00:00:00Z
119,Low,0,0,L11,11,Athens,0,A,0,0,2018-09-14T00:00:00Z
120,Low,0,0,L12,12,Athens,0,A,0,0,2018-09-14T00:00:00Z
121,High,0,0,H1,1,Athens,0,S?,0,0,2018-09-14T00:00:00Z
122,High,0,0,H2,2,Athens,0,S,0,0,2018-09-14T00:00:00Z
123,High,0,0,H3,3,Athens,0,S,0,0,2018-09-14T00:00:00Z
124,High,0,0,H4,4,Athens,0,A,0,0,2018-09-14T00:00:00Z
125,High,0,0,H5,5,Athens,0,S,0,0,2018-09-14T00:00:00Z
126,High,0,0,H6,6,Athens,0,A,0,0,2018-09-14T00:00:00Z
127,High,0,0,H7,7,Athens,0,S,0,0,2018-09-14T00:00:00Z
128,High,0,0,H8,8,Athens,0,S,0,0,2018-09-14T00:00:00Z
129,High,0,0,H9,9,Athens,0,S,0,0,2018-09-14T00:00:00Z
130,High,0,0,H10,10,Athens,0,A,0,0,2018-09-14T00:00:00Z
131,High,0,0,H11,11,Athens,0,A,0,0,2018-09-14T00:00:00Z
132,High,0,0,H12,12,Athens,0,A,0,0,2018-09-14T00:00:00Z
133,NoTrt,0,0,C1,1,Athens,0,A,0,0,2018-09-14T00:00:00Z
134,NoTrt,0,0,C2,2,Athens,0,A,0,0,2018-09-14T00:00:00Z
135,NoTrt,0,0,C3,3,Athens,0,A,0,0,2018-09-14T00:00:00Z
136,NoTrt,0,0,C4,4,Athens,0,A,0,0,2018-09-14T00:00:00Z
137,NoTrt,0,0,C5,5,Athens,0,A,0,0,2018-09-14T00:00:00Z
138,NoTrt,0,0,C6,6,Athens,0,A,0,0,2018-09-14T00:00:00Z
139,NoTrt,0,0,C7,7,Athens,0,A,0,0,2018-09-14T00:00:00Z
140,NoTrt,0,0,C8,8,Athens,0,A,0,0,2018-09-14T00:00:00Z
141,NoTrt,0,0,C9,9,Athens,0,A,0,0,2018-09-14T00:00:00Z
142,NoTrt,0,0,C10,10,Athens,0,A,0,0,2018-09-14T00:00:00Z
143,NoTrt,0,0,C11,11,Athens,0,A,0,0,2018-09-14T00:00:00Z
144,NoTrt,0,0,C12,12,Athens,0,A,0,0,2018-09-14T00:00:00Z
145,Water,0,0,W1,1,Athens,0,S,0,0,2018-09-21T00:00:00Z
146,Water,0,0,W2,2,Athens,0,A?,0,0,2018-09-21T00:00:00Z
147,Water,0,0,W3,3,Athens,0,A,0,0,2018-09-21T00:00:00Z
148,Water,0,0,W4,4,Athens,0,A,0,0,2018-09-21T00:00:00Z
149,Water,0,0,W5,5,Athens,0,S,0,0,2018-09-21T00:00:00Z
150,Water,0,0,W6,6,Athens,0,S,0,0,2018-09-21T00:00:00Z
151,Water,0,0,W7,7,Athens,0,A,0,0,2018-09-21T00:00:00Z
152,Water,0,0,W8,8,Athens,0,A?,0,0,2018-09-21T00:00:00Z
153,Water,0,0,W9,9,Athens,0,A,0,0,2018-09-21T00:00:00Z
154,Water,0,0,W10,10,Athens,0,A?,0,0,2018-09-21T00:00:00Z
155,Water,0,0,W11,11,Athens,0,A?,0,0,2018-09-21T00:00:00Z
156,Water,0,0,W12,12,Athens,0,S,0,0,2018-09-21T00:00:00Z
157,Low,0,0,L1,1,Athens,0,A,0,0,2018-09-21T00:00:00Z
158,Low,0,0,L2,2,Athens,0,A,0,0,2018-09-21T00:00:00Z
159,Low,0,0,L3,3,Athens,0,S,0,0,2018-09-21T00:00:00Z
160,Low,0,0,L4,4,Athens,0,A,0,0,2018-09-21T00:00:00Z
161,Low,0,0,L5,5,Athens,0,S,0,0,2018-09-21T00:00:00Z
162,Low,0,0,L6,6,Athens,0,A,0,0,2018-09-21T00:00:00Z
163,Low,0,0,L7,7,Athens,1.5,S,0,0,2018-09-21T00:00:00Z
164,Low,0,0,L8,8,Athens,0,A,0,0,2018-09-21T00:00:00Z
165,Low,0,0,L9,9,Athens,0,S,0,0,2018-09-21T00:00:00Z
166,Low,0,0,L10,10,Athens,0,A,0,0,2018-09-21T00:00:00Z
167,Low,0,0,L11,11,Athens,0,A,0,0,2018-09-21T00:00:00Z
168,Low,0,0,L12,12,Athens,0,A,0,0,2018-09-21T00:00:00Z
169,High,0,0,H1,1,Athens,0,S?,0,0,2018-09-21T00:00:00Z
170,High,0,0,H2,2,Athens,0,S,0,0,2018-09-21T00:00:00Z
171,High,0,0,H3,3,Athens,0,S,0,0,2018-09-21T00:00:00Z
172,High,0,0,H4,4,Athens,0,A,0,0,2018-09-21T00:00:00Z
173,High,0,0,H5,5,Athens,0,S,0,0,2018-09-21T00:00:00Z
174,High,0,0,H6,6,Athens,0,A,0,0,2018-09-21T00:00:00Z
175,High,0,0,H7,7,Athens,0,S,0,0,2018-09-21T00:00:00Z
176,High,0,0,H8,8,Athens,1.5,S,0,0,2018-09-21T00:00:00Z
177,High,0,0,H9,9,Athens,0,S,0,0,2018-09-21T00:00:00Z
178,High,0,0,H10,10,Athens,0,A,0,0,2018-09-21T00:00:00Z
179,High,0,0,H11,11,Athens,0,A,0,0,2018-09-21T00:00:00Z
180,High,0,0,H12,12,Athens,0,A,0,0,2018-09-21T00:00:00Z
181,NoTrt,0,0,C1,1,Athens,0,A,0,0,2018-09-21T00:00:00Z
182,NoTrt,0,0,C2,2,Athens,0,A,0,0,2018-09-21T00:00:00Z
183,NoTrt,0,0,C3,3,Athens,0,A,0,0,2018-09-21T00:00:00Z
184,NoTrt,0,0,C4,4,Athens,0,A,0,0,2018-09-21T00:00:00Z
185,NoTrt,0,0,C5,5,Athens,0,A,0,0,2018-09-21T00:00:00Z
186,NoTrt,0,0,C6,6,Athens,0,A,0,0,2018-09-21T00:00:00Z
187,NoTrt,0,0,C7,7,Athens,0,A,0,0,2018-09-21T00:00:00Z
188,NoTrt,0,0,C8,8,Athens,0,A,0,0,2018-09-21T00:00:00Z
189,NoTrt,0,0,C9,9,Athens,0,A,0,0,2018-09-21T00:00:00Z
190,NoTrt,0,0,C10,10,Athens,0,A,0,0,2018-09-21T00:00:00Z
191,NoTrt,0,0,C11,11,Athens,0,A,0,0,2018-09-21T00:00:00Z
192,NoTrt,0,0,C12,12,Athens,0,A,0,0,2018-09-21T00:00:00Z
193,Water,0,0,W1,1,Athens,0,S,0,0,2018-09-28T00:00:00Z
194,Water,0,0,W2,2,Athens,0,A?,0,0,2018-09-28T00:00:00Z
195,Water,0,0,W3,3,Athens,0,A,0,0,2018-09-28T00:00:00Z
196,Water,0,0,W4,4,Athens,0,A,0,0,2018-09-28T00:00:00Z
197,Water,0,0,W5,5,Athens,0,S,0,0,2018-09-28T00:00:00Z
198,Water,0,0,W6,6,Athens,0,S,0,0,2018-09-28T00:00:00Z
199,Water,0,0,W7,7,Athens,0,A,0,0,2018-09-28T00:00:00Z
200,Water,0,0,W8,8,Athens,0,A?,0,0,2018-09-28T00:00:00Z
201,Water,0,0,W9,9,Athens,0,A,0,0,2018-09-28T00:00:00Z
202,Water,0,0,W10,10,Athens,0,A?,0,0,2018-09-28T00:00:00Z
203,Water,0,0,W11,11,Athens,0,A?,0,0,2018-09-28T00:00:00Z
204,Water,0,0,W12,12,Athens,0,S,0,0,2018-09-28T00:00:00Z
205,Low,0,0,L1,1,Athens,0,A,0,0,2018-09-28T00:00:00Z
206,Low,0,0,L2,2,Athens,0,A,0,0,2018-09-28T00:00:00Z
207,Low,0,0,L3,3,Athens,0,S,0,0,2018-09-28T00:00:00Z
208,Low,0,0,L4,4,Athens,0,A,0,0,2018-09-28T00:00:00Z
209,Low,0,0,L5,5,Athens,0,S,0,0,2018-09-28T00:00:00Z
210,Low,0,0,L6,6,Athens,0,A,0,0,2018-09-28T00:00:00Z
211,Low,0,0,L7,7,Athens,1.5,S,0,0,2018-09-28T00:00:00Z
212,Low,0,0,L8,8,Athens,1.5,A,0,0,2018-09-28T00:00:00Z
213,Low,0,0,L9,9,Athens,0,S,0,0,2018-09-28T00:00:00Z
214,Low,0,0,L10,10,Athens,0,A,0,0,2018-09-28T00:00:00Z
215,Low,0,0,L11,11,Athens,0,A,0,0,2018-09-28T00:00:00Z
216,Low,0,0,L12,12,Athens,0,A,0,0,2018-09-28T00:00:00Z
217,High,0,0,H1,1,Athens,0,S?,0,0,2018-09-28T00:00:00Z
218,High,0,0,H2,2,Athens,0,S,0,0,2018-09-28T00:00:00Z
219,High,0,0,H3,3,Athens,0,S,0,0,2018-09-28T00:00:00Z
220,High,0,0,H4,4,Athens,0,A,0,0,2018-09-28T00:00:00Z
221,High,0,0,H5,5,Athens,0,S,0,0,2018-09-28T00:00:00Z
222,High,0,0,H6,6,Athens,0,A,0,0,2018-09-28T00:00:00Z
223,High,0,0,H7,7,Athens,0,S,0,0,2018-09-28T00:00:00Z
224,High,0,0,H8,8,Athens,1.5,S,0,0,2018-09-28T00:00:00Z
225,High,0,0,H9,9,Athens,0,S,0,0,2018-09-28T00:00:00Z
226,High,0,0,H10,10,Athens,0,A,0,0,2018-09-28T00:00:00Z
227,High,0,0,H11,11,Athens,0,A,0,0,2018-09-28T00:00:00Z
228,High,0,0,H12,12,Athens,0,A,0,0,2018-09-28T00:00:00Z
229,NoTrt,0,0,C1,1,Athens,0,A,0,0,2018-09-28T00:00:00Z
230,NoTrt,0,0,C2,2,Athens,0,A,0,0,2018-09-28T00:00:00Z
231,NoTrt,0,0,C3,3,Athens,0,A,0,0,2018-09-28T00:00:00Z
232,NoTrt,0,0,C4,4,Athens,0,A,0,0,2018-09-28T00:00:00Z
233,NoTrt,0,0,C5,5,Athens,0,A,0,0,2018-09-28T00:00:00Z
234,NoTrt,0,0,C6,6,Athens,0,A,0,0,2018-09-28T00:00:00Z
235,NoTrt,0,0,C7,7,Athens,0,A,0,0,2018-09-28T00:00:00Z
236,NoTrt,0,0,C8,8,Athens,0,A,0,0,2018-09-28T00:00:00Z
237,NoTrt,0,0,C9,9,Athens,0,A,0,0,2018-09-28T00:00:00Z
238,NoTrt,0,0,C10,10,Athens,0,A,0,0,2018-09-28T00:00:00Z
239,NoTrt,0,0,C11,11,Athens,0,A,0,0,2018-09-28T00:00:00Z
240,NoTrt,0,0,C12,12,Athens,0,A,0,0,2018-09-28T00:00:00Z
241,Water,0,0,W1,1,Athens,0,S,0,0,2018-10-05T00:00:00Z
242,Water,0,0,W2,2,Athens,0,A?,0,0,2018-10-05T00:00:00Z
243,Water,0,0,W3,3,Athens,0,A,0,0,2018-10-05T00:00:00Z
244,Water,0,0,W4,4,Athens,0,A,0,0,2018-10-05T00:00:00Z
245,Water,0,0,W5,5,Athens,0,S,0,0,2018-10-05T00:00:00Z
246,Water,0,0,W6,6,Athens,0,S,0,0,2018-10-05T00:00:00Z
247,Water,0,0,W7,7,Athens,0,A,0,0,2018-10-05T00:00:00Z
248,Water,0,0,W8,8,Athens,0,A?,0,0,2018-10-05T00:00:00Z
249,Water,0,0,W9,9,Athens,0,A,0,0,2018-10-05T00:00:00Z
250,Water,0,0,W10,10,Athens,0,A?,0,0,2018-10-05T00:00:00Z
251,Water,0,0,W11,11,Athens,1.5,A?,0,0,2018-10-05T00:00:00Z
252,Water,0,0,W12,12,Athens,0,S,0,0,2018-10-05T00:00:00Z
253,Low,0,0,L1,1,Athens,0,A,0,0,2018-10-05T00:00:00Z
254,Low,0,0,L2,2,Athens,0,A,0,0,2018-10-05T00:00:00Z
255,Low,0,0,L3,3,Athens,0,S,0,0,2018-10-05T00:00:00Z
256,Low,0,0,L4,4,Athens,1.5,A,0,0,2018-10-05T00:00:00Z
257,Low,0,0,L5,5,Athens,1.5,S,0,0,2018-10-05T00:00:00Z
258,Low,0,0,L6,6,Athens,0,A,0,0,2018-10-05T00:00:00Z
259,Low,0,0,L7,7,Athens,1.5,S,0,0,2018-10-05T00:00:00Z
260,Low,0,0,L8,8,Athens,1.5,A,0,0,2018-10-05T00:00:00Z
261,Low,0,0,L9,9,Athens,0,S,0,0,2018-10-05T00:00:00Z
262,Low,0,0,L10,10,Athens,0,A,0,0,2018-10-05T00:00:00Z
263,Low,0,0,L11,11,Athens,0,A,0,0,2018-10-05T00:00:00Z
264,Low,0,0,L12,12,Athens,1.5,A,0,0,2018-10-05T00:00:00Z
265,High,0,0,H1,1,Athens,0,S?,0,0,2018-10-05T00:00:00Z
266,High,0,0,H2,2,Athens,1.5,S,0,0,2018-10-05T00:00:00Z
267,High,0,0,H3,3,Athens,0,S,0,0,2018-10-05T00:00:00Z
268,High,0,0,H4,4,Athens,0,A,0,0,2018-10-05T00:00:00Z
269,High,0,0,H5,5,Athens,0,S,0,0,2018-10-05T00:00:00Z
270,High,0,0,H6,6,Athens,0,A,0,0,2018-10-05T00:00:00Z
271,High,0,0,H7,7,Athens,0,S,0,0,2018-10-05T00:00:00Z
272,High,0,0,H8,8,Athens,1.5,S,0,0,2018-10-05T00:00:00Z
273,High,0,0,H9,9,Athens,0,S,0,0,2018-10-05T00:00:00Z
274,High,0,0,H10,10,Athens,1.5,A,0,0,2018-10-05T00:00:00Z
275,High,0,0,H11,11,Athens,0,A,0,0,2018-10-05T00:00:00Z
276,High,0,0,H12,12,Athens,1.5,A,0,0,2018-10-05T00:00:00Z
277,NoTrt,0,0,C1,1,Athens,0,A,0,0,2018-10-05T00:00:00Z
278,NoTrt,0,0,C2,2,Athens,0,A,0,0,2018-10-05T00:00:00Z
279,NoTrt,0,0,C3,3,Athens,0,A,0,0,2018-10-05T00:00:00Z
280,NoTrt,0,0,C4,4,Athens,0,A,0,0,2018-10-05T00:00:00Z
281,NoTrt,0,0,C5,5,Athens,0,A,0,0,2018-10-05T00:00:00Z
282,NoTrt,0,0,C6,6,Athens,0,A,0,0,2018-10-05T00:00:00Z
283,NoTrt,0,0,C7,7,Athens,0,A,0,0,2018-10-05T00:00:00Z
284,NoTrt,0,0,C8,8,Athens,0,A,0,0,2018-10-05T00:00:00Z
285,NoTrt,0,0,C9,9,Athens,0,A,0,0,2018-10-05T00:00:00Z
286,NoTrt,0,0,C10,10,Athens,0,A,0,0,2018-10-05T00:00:00Z
287,NoTrt,0,0,C11,11,Athens,0,A,0,0,2018-10-05T00:00:00Z
288,NoTrt,0,0,C12,12,Athens,0,A,0,0,2018-10-05T00:00:00Z
289,Water,0,0,W1,1,Athens,1.5,S,0,0,2018-10-12T00:00:00Z
290,Water,0,0,W2,2,Athens,0,A?,0,0,2018-10-12T00:00:00Z
291,Water,0,0,W3,3,Athens,0,A,0,0,2018-10-12T00:00:00Z
292,Water,0,0,W4,4,Athens,1.5,A,0,0,2018-10-12T00:00:00Z
293,Water,0,0,W5,5,Athens,1.5,S,0,0,2018-10-12T00:00:00Z
294,Water,0,0,W6,6,Athens,1.5,S,0,0,2018-10-12T00:00:00Z
295,Water,0,0,W7,7,Athens,0,A,0,0,2018-10-12T00:00:00Z
296,Water,0,0,W8,8,Athens,0,A?,0,0,2018-10-12T00:00:00Z
297,Water,0,0,W9,9,Athens,1.5,A,0,0,2018-10-12T00:00:00Z
298,Water,0,0,W10,10,Athens,0,A?,0,0,2018-10-12T00:00:00Z
299,Water,0,0,W11,11,Athens,0,A?,0,0,2018-10-12T00:00:00Z
300,Water,0,0,W12,12,Athens,1.5,S,0,0,2018-10-12T00:00:00Z
301,Low,0,0,L1,1,Athens,0,A,0,0,2018-10-12T00:00:00Z
302,Low,0,0,L2,2,Athens,0,A,0,0,2018-10-12T00:00:00Z
303,Low,0,0,L3,3,Athens,4.5,S,0,0,2018-10-12T00:00:00Z
304,Low,0,0,L4,4,Athens,1.5,A,0,0,2018-10-12T00:00:00Z
305,Low,0,0,L5,5,Athens,0,S,0,0,2018-10-12T00:00:00Z
306,Low,0,0,L6,6,Athens,0,A,0,0,2018-10-12T00:00:00Z
307,Low,0,0,L7,7,Athens,0,S,0,0,2018-10-12T00:00:00Z
308,Low,0,0,L8,8,Athens,4.5,A,0,0,2018-10-12T00:00:00Z
309,Low,0,0,L9,9,Athens,1.5,S,0,0,2018-10-12T00:00:00Z
310,Low,0,0,L10,10,Athens,1.5,A,0,0,2018-10-12T00:00:00Z
311,Low,0,0,L11,11,Athens,0,A,0,0,2018-10-12T00:00:00Z
312,Low,0,0,L12,12,Athens,0,A,0,0,2018-10-12T00:00:00Z
313,High,0,0,H1,1,Athens,1.5,S?,0,0,2018-10-12T00:00:00Z
314,High,0,0,H2,2,Athens,0,S,0,0,2018-10-12T00:00:00Z
315,High,0,0,H3,3,Athens,1.5,S,0,0,2018-10-12T00:00:00Z
316,High,0,0,H4,4,Athens,0,A,0,0,2018-10-12T00:00:00Z
317,High,0,0,H5,5,Athens,0,S,0,0,2018-10-12T00:00:00Z
318,High,0,0,H6,6,Athens,0,A,0,0,2018-10-12T00:00:00Z
319,High,0,0,H7,7,Athens,0,S,0,0,2018-10-12T00:00:00Z
320,High,0,0,H8,8,Athens,1.5,S,0,0,2018-10-12T00:00:00Z
321,High,0,0,H9,9,Athens,1.5,S,0,0,2018-10-12T00:00:00Z
322,High,0,0,H10,10,Athens,1.5,A,0,0,2018-10-12T00:00:00Z
323,High,0,0,H11,11,Athens,0,A,0,0,2018-10-12T00:00:00Z
324,High,0,0,H12,12,Athens,0,A,0,0,2018-10-12T00:00:00Z
325,NoTrt,0,0,C1,1,Athens,0,A,0,0,2018-10-12T00:00:00Z
326,NoTrt,0,0,C2,2,Athens,0,A,0,0,2018-10-12T00:00:00Z
327,NoTrt,0,0,C3,3,Athens,0,A,0,0,2018-10-12T00:00:00Z
328,NoTrt,0,0,C4,4,Athens,0,A,0,0,2018-10-12T00:00:00Z
329,NoTrt,0,0,C5,5,Athens,0,A,0,0,2018-10-12T00:00:00Z
330,NoTrt,0,0,C6,6,Athens,0,A,0,0,2018-10-12T00:00:00Z
331,NoTrt,0,0,C7,7,Athens,0,A,0,0,2018-10-12T00:00:00Z
332,NoTrt,0,0,C8,8,Athens,0,A,0,0,2018-10-12T00:00:00Z
333,NoTrt,0,0,C9,9,Athens,0,A,0,0,2018-10-12T00:00:00Z
334,NoTrt,0,0,C10,10,Athens,0,A,0,0,2018-10-12T00:00:00Z
335,NoTrt,0,0,C11,11,Athens,0,A,0,0,2018-10-12T00:00:00Z
336,NoTrt,0,0,C12,12,Athens,0,A,0,0,2018-10-12T00:00:00Z
337,Water,0,0,W1,1,Athens,1.5,S,0,0,2018-10-19T00:00:00Z
338,Water,0,0,W2,2,Athens,1.5,A?,0,0,2018-10-19T00:00:00Z
339,Water,0,0,W3,3,Athens,1.5,A,0,0,2018-10-19T00:00:00Z
340,Water,0,0,W4,4,Athens,1.5,A,0,0,2018-10-19T00:00:00Z
341,Water,0,0,W5,5,Athens,1.5,S,0,0,2018-10-19T00:00:00Z
342,Water,0,0,W6,6,Athens,1.5,S,0,0,2018-10-19T00:00:00Z
343,Water,0,0,W7,7,Athens,0,A,0,0,2018-10-19T00:00:00Z
344,Water,0,0,W8,8,Athens,0,A?,0,0,2018-10-19T00:00:00Z
345,Water,0,0,W9,9,Athens,1.5,A,0,0,2018-10-19T00:00:00Z
346,Water,0,0,W10,10,Athens,1.5,A?,0,0,2018-10-19T00:00:00Z
347,Water,0,0,W11,11,Athens,0,A?,0,0,2018-10-19T00:00:00Z
348,Water,0,0,W12,12,Athens,1.5,S,0,0,2018-10-19T00:00:00Z
349,Low,0,0,L1,1,Athens,1.5,A,0,0,2018-10-19T00:00:00Z
350,Low,0,0,L2,2,Athens,0,A,0,0,2018-10-19T00:00:00Z
351,Low,0,0,L3,3,Athens,1.5,S,0,0,2018-10-19T00:00:00Z
352,Low,0,0,L4,4,Athens,1.5,A,0,0,2018-10-19T00:00:00Z
353,Low,0,0,L5,5,Athens,1.5,S,0,0,2018-10-19T00:00:00Z
354,Low,0,0,L6,6,Athens,0,A,0,0,2018-10-19T00:00:00Z
355,Low,0,0,L7,7,Athens,0,S,0,0,2018-10-19T00:00:00Z
356,Low,0,0,L8,8,Athens,1.5,A,0,0,2018-10-19T00:00:00Z
357,Low,0,0,L9,9,Athens,0,S,0,0,2018-10-19T00:00:00Z
358,Low,0,0,L10,10,Athens,1.5,A,0,0,2018-10-19T00:00:00Z
359,Low,0,0,L11,11,Athens,1.5,A,0,0,2018-10-19T00:00:00Z
360,Low,0,0,L12,12,Athens,0,A,0,0,2018-10-19T00:00:00Z
361,High,0,0,H1,1,Athens,0,S?,0,0,2018-10-19T00:00:00Z
362,High,0,0,H2,2,Athens,0,S,0,0,2018-10-19T00:00:00Z
363,High,0,0,H3,3,Athens,1.5,S,0,0,2018-10-19T00:00:00Z
364,High,0,0,H4,4,Athens,0,A,0,0,2018-10-19T00:00:00Z
365,High,0,0,H5,5,Athens,1.5,S,0,0,2018-10-19T00:00:00Z
366,High,0,0,H6,6,Athens,1.5,A,0,0,2018-10-19T00:00:00Z
367,High,0,0,H7,7,Athens,0,S,0,0,2018-10-19T00:00:00Z
368,High,0,0,H8,8,Athens,1.5,S,0,0,2018-10-19T00:00:00Z
369,High,0,0,H9,9,Athens,1.5,S,0,0,2018-10-19T00:00:00Z
370,High,0,0,H10,10,Athens,0,A,0,0,2018-10-19T00:00:00Z
371,High,0,0,H11,11,Athens,0,A,0,0,2018-10-19T00:00:00Z
372,High,0,0,H12,12,Athens,0,A,0,0,2018-10-19T00:00:00Z
373,NoTrt,0,0,C1,1,Athens,0,A,0,0,2018-10-19T00:00:00Z
374,NoTrt,0,0,C2,2,Athens,0,A,0,0,2018-10-19T00:00:00Z
375,NoTrt,0,0,C3,3,Athens,0,A,0,0,2018-10-19T00:00:00Z
376,NoTrt,0,0,C4,4,Athens,0,A,0,0,2018-10-19T00:00:00Z
377,NoTrt,0,0,C5,5,Athens,0,A,0,0,2018-10-19T00:00:00Z
378,NoTrt,0,0,C6,6,Athens,0,A,0,0,2018-10-19T00:00:00Z
379,NoTrt,0,0,C7,7,Athens,0,A,0,0,2018-10-19T00:00:00Z
380,NoTrt,0,0,C8,8,Athens,0,A,0,0,2018-10-19T00:00:00Z
381,NoTrt,0,0,C9,9,Athens,0,A,0,0,2018-10-19T00:00:00Z
382,NoTrt,0,0,C10,10,Athens,0,A,0,0,2018-10-19T00:00:00Z
383,NoTrt,0,0,C11,11,Athens,0,A,0,0,2018-10-19T00:00:00Z
384,NoTrt,0,0,C12,12,Athens,0,A,0,0,2018-10-19T00:00:00Z
385,Water,0,0,W1,1,Athens,4.5,S,0,0,2018-10-26T00:00:00Z
386,Water,0,0,W2,2,Athens,4.5,A?,0,0,2018-10-26T00:00:00Z
387,Water,0,0,W3,3,Athens,4.5,A,0,0,2018-10-26T00:00:00Z
388,Water,0,0,W4,4,Athens,0,A,0,0,2018-10-26T00:00:00Z
389,Water,0,0,W5,5,Athens,0,S,0,0,2018-10-26T00:00:00Z
390,Water,0,0,W6,6,Athens,1.5,S,0,0,2018-10-26T00:00:00Z
391,Water,0,0,W7,7,Athens,1.5,A,0,0,2018-10-26T00:00:00Z
392,Water,0,0,W8,8,Athens,1.5,A?,0,0,2018-10-26T00:00:00Z
393,Water,0,0,W9,9,Athens,1.5,A,0,0,2018-10-26T00:00:00Z
394,Water,0,0,W10,10,Athens,1.5,A?,0,0,2018-10-26T00:00:00Z
395,Water,0,0,W11,11,Athens,1.5,A?,0,0,2018-10-26T00:00:00Z
396,Water,0,0,W12,12,Athens,1.5,S,0,0,2018-10-26T00:00:00Z
397,Low,0,0,L1,1,Athens,4.5,A,0,0,2018-10-26T00:00:00Z
398,Low,0,0,L2,2,Athens,1.5,A,0,0,2018-10-26T00:00:00Z
399,Low,0,0,L3,3,Athens,4.5,S,0,0,2018-10-26T00:00:00Z
400,Low,0,0,L4,4,Athens,0,A,0,0,2018-10-26T00:00:00Z
401,Low,0,0,L5,5,Athens,0,S,0,0,2018-10-26T00:00:00Z
402,Low,0,0,L6,6,Athens,0,A,0,0,2018-10-26T00:00:00Z
403,Low,0,0,L7,7,Athens,1.5,S,0,0,2018-10-26T00:00:00Z
404,Low,0,0,L8,8,Athens,1.5,A,0,0,2018-10-26T00:00:00Z
405,Low,0,0,L9,9,Athens,0,S,0,0,2018-10-26T00:00:00Z
406,Low,0,0,L10,10,Athens,0,A,0,0,2018-10-26T00:00:00Z
407,Low,0,0,L11,11,Athens,4.5,A,0,0,2018-10-26T00:00:00Z
408,Low,0,0,L12,12,Athens,1.5,A,0,0,2018-10-26T00:00:00Z
409,High,0,0,H1,1,Athens,4.5,S?,0,0,2018-10-26T00:00:00Z
410,High,0,0,H2,2,Athens,0,S,0,0,2018-10-26T00:00:00Z
411,High,0,0,H3,3,Athens,1.5,S,0,0,2018-10-26T00:00:00Z
412,High,0,0,H4,4,Athens,1.5,A,0,0,2018-10-26T00:00:00Z
413,High,0,0,H5,5,Athens,1.5,S,0,0,2018-10-26T00:00:00Z
414,High,0,0,H6,6,Athens,1.5,A,0,0,2018-10-26T00:00:00Z
415,High,0,0,H7,7,Athens,0,S,0,0,2018-10-26T00:00:00Z
416,High,0,0,H8,8,Athens,4.5,S,0,0,2018-10-26T00:00:00Z
417,High,0,0,H9,9,Athens,1.5,S,0,0,2018-10-26T00:00:00Z
418,High,0,0,H10,10,Athens,1.5,A,0,0,2018-10-26T00:00:00Z
419,High,0,0,H11,11,Athens,0,A,0,0,2018-10-26T00:00:00Z
420,High,0,0,H12,12,Athens,0,A,0,0,2018-10-26T00:00:00Z
421,NoTrt,0,0,C1,1,Athens,0,A,0,0,2018-10-26T00:00:00Z
422,NoTrt,0,0,C2,2,Athens,0,A,0,0,2018-10-26T00:00:00Z
423,NoTrt,0,0,C3,3,Athens,0,A,0,0,2018-10-26T00:00:00Z
424,NoTrt,0,0,C4,4,Athens,0,A,0,0,2018-10-26T00:00:00Z
425,NoTrt,0,0,C5,5,Athens,0,A,0,0,2018-10-26T00:00:00Z
426,NoTrt,0,0,C6,6,Athens,0,A,0,0,2018-10-26T00:00:00Z
427,NoTrt,0,0,C7,7,Athens,0,A,0,0,2018-10-26T00:00:00Z
428,NoTrt,0,0,C8,8,Athens,0,A,0,0,2018-10-26T00:00:00Z
429,NoTrt,0,0,C9,9,Athens,0,A,0,0,2018-10-26T00:00:00Z
430,NoTrt,0,0,C10,10,Athens,0,A,0,0,2018-10-26T00:00:00Z
431,NoTrt,0,0,C11,11,Athens,0,A,0,0,2018-10-26T00:00:00Z
432,NoTrt,0,0,C12,12,Athens,0,A,0,0,2018-10-26T00:00:00Z
433,Water,0,0,W1,1,Athens,1.5,S,0,0,2018-11-02T00:00:00Z
434,Water,0,0,W2,2,Athens,1.5,A?,0,0,2018-11-02T00:00:00Z
435,Water,0,0,W3,3,Athens,1.5,A,0,0,2018-11-02T00:00:00Z
436,Water,0,0,W4,4,Athens,1.5,A,0,0,2018-11-02T00:00:00Z
437,Water,0,0,W5,5,Athens,0,S,0,0,2018-11-02T00:00:00Z
438,Water,0,0,W6,6,Athens,1.5,S,0,0,2018-11-02T00:00:00Z
439,Water,0,0,W7,7,Athens,1.5,A,0,0,2018-11-02T00:00:00Z
440,Water,0,0,W8,8,Athens,1.5,A?,0,0,2018-11-02T00:00:00Z
441,Water,0,0,W9,9,Athens,1.5,A,0,0,2018-11-02T00:00:00Z
442,Water,0,0,W10,10,Athens,1.5,A?,0,0,2018-11-02T00:00:00Z
443,Water,0,0,W11,11,Athens,1.5,A?,0,0,2018-11-02T00:00:00Z
444,Water,0,0,W12,12,Athens,1.5,S,0,0,2018-11-02T00:00:00Z
445,Low,0,0,L1,1,Athens,1.5,A,0,0,2018-11-02T00:00:00Z
446,Low,0,0,L2,2,Athens,1.5,A,0,0,2018-11-02T00:00:00Z
447,Low,0,0,L3,3,Athens,0,S,0,0,2018-11-02T00:00:00Z
448,Low,0,0,L4,4,Athens,0,A,0,0,2018-11-02T00:00:00Z
449,Low,0,0,L5,5,Athens,0,S,0,0,2018-11-02T00:00:00Z
450,Low,0,0,L6,6,Athens,1.5,A,0,0,2018-11-02T00:00:00Z
451,Low,0,0,L7,7,Athens,1.5,S,0,0,2018-11-02T00:00:00Z
452,Low,0,0,L8,8,Athens,1.5,A,0,0,2018-11-02T00:00:00Z
453,Low,0,0,L9,9,Athens,0,S,0,0,2018-11-02T00:00:00Z
454,Low,0,0,L10,10,Athens,1.5,A,0,0,2018-11-02T00:00:00Z
455,Low,0,0,L11,11,Athens,1.5,A,0,0,2018-11-02T00:00:00Z
456,Low,0,0,L12,12,Athens,1.5,A,0,0,2018-11-02T00:00:00Z
457,High,0,0,H1,1,Athens,4.5,S?,0,0,2018-11-02T00:00:00Z
458,High,0,0,H2,2,Athens,0,S,0,0,2018-11-02T00:00:00Z
459,High,0,0,H3,3,Athens,1.5,S,0,0,2018-11-02T00:00:00Z
460,High,0,0,H4,4,Athens,1.5,A,0,0,2018-11-02T00:00:00Z
461,High,0,0,H5,5,Athens,1.5,S,0,0,2018-11-02T00:00:00Z
462,High,0,0,H6,6,Athens,1.5,A,0,0,2018-11-02T00:00:00Z
463,High,0,0,H7,7,Athens,1.5,S,0,0,2018-11-02T00:00:00Z
464,High,0,0,H8,8,Athens,4.5,S,0,0,2018-11-02T00:00:00Z
465,High,0,0,H9,9,Athens,1.5,S,0,0,2018-11-02T00:00:00Z
466,High,0,0,H10,10,Athens,1.5,A,0,0,2018-11-02T00:00:00Z
467,High,0,0,H11,11,Athens,0,A,0,0,2018-11-02T00:00:00Z
468,High,0,0,H12,12,Athens,0,A,0,0,2018-11-02T00:00:00Z
469,NoTrt,0,0,C1,1,Athens,0,A,0,0,2018-11-02T00:00:00Z
470,NoTrt,0,0,C2,2,Athens,0,A,0,0,2018-11-02T00:00:00Z
471,NoTrt,0,0,C3,3,Athens,0,A,0,0,2018-11-02T00:00:00Z
472,NoTrt,0,0,C4,4,Athens,0,A,0,0,2018-11-02T00:00:00Z
473,NoTrt,0,0,C5,5,Athens,0,A,0,0,2018-11-02T00:00:00Z
474,NoTrt,0,0,C6,6,Athens,0,A,0,0,2018-11-02T00:00:00Z
475,NoTrt,0,0,C7,7,Athens,0,A,0,0,2018-11-02T00:00:00Z
476,NoTrt,0,0,C8,8,Athens,0,A,0,0,2018-11-02T00:00:00Z
477,NoTrt,0,0,C9,9,Athens,0,A,0,0,2018-11-02T00:00:00Z
478,NoTrt,0,0,C10,10,Athens,0,A,0,0,2018-11-02T00:00:00Z
479,NoTrt,0,0,C11,11,Athens,0,A,0,0,2018-11-02T00:00:00Z
480,NoTrt,0,0,C12,12,Athens,0,A,0,0,2018-11-02T00:00:00Z
481,Water,2,0,W1,1,Athens,17.5,S,124.25,17.5,2018-12-19T00:00:00Z
482,Water,0,0,W2,2,Athens,0,A?,52.5,0,2018-12-19T00:00:00Z
483,Water,0,0,W3,3,Athens,1.5,A,57.75,1.5,2018-12-19T00:00:00Z
484,Water,0,0,W4,4,Athens,0,A,31.5,0,2018-12-19T00:00:00Z
485,Water,0,0,W5,5,Athens,9,S,52.5,9,2018-12-19T00:00:00Z
486,Water,1,1,W6,6,Athens,9,S,73.5,9,2018-12-19T00:00:00Z
487,Water,0,0,W7,7,Athens,1.5,A,26.25,1.5,2018-12-19T00:00:00Z
488,Water,0,0,W8,8,Athens,4.5,A?,36.75,4.5,2018-12-19T00:00:00Z
489,Water,0,0,W9,9,Athens,0,A,42,0,2018-12-19T00:00:00Z
490,Water,0,0,W10,10,Athens,0,A?,31.5,0,2018-12-19T00:00:00Z
491,Water,0,0,W11,11,Athens,1.5,A?,36.75,1.5,2018-12-19T00:00:00Z
492,Water,0,1,W12,12,Athens,17.5,S,103.25,17.5,2018-12-19T00:00:00Z
493,Low,0,0,L1,1,Athens,0,A,52.5,0,2018-12-19T00:00:00Z
494,Low,0,0,L2,2,Athens,4.5,A,36.75,4.5,2018-12-19T00:00:00Z
495,Low,0,0,L3,3,Athens,1.5,S,78.75,1.5,2018-12-19T00:00:00Z
496,Low,0,0,L4,4,Athens,1.5,A,36.75,1.5,2018-12-19T00:00:00Z
497,Low,0,0,L5,5,Athens,17.5,S,82.25,17.5,2018-12-19T00:00:00Z
498,Low,0,0,L6,6,Athens,9,A,42,9,2018-12-19T00:00:00Z
499,Low,0,0,L7,7,Athens,17.5,S,113.75,17.5,2018-12-19T00:00:00Z
500,Low,0,0,L8,8,Athens,4.5,A,99.75,4.5,2018-12-19T00:00:00Z
501,Low,0,0,L9,9,Athens,17.5,S,71.75,17.5,2018-12-19T00:00:00Z
502,Low,0,0,L10,10,Athens,4.5,A,47.25,4.5,2018-12-19T00:00:00Z
503,Low,0,0,L11,11,Athens,0,A,52.5,0,2018-12-19T00:00:00Z
504,Low,0,0,L12,12,Athens,1.5,A,36.75,1.5,2018-12-19T00:00:00Z
505,High,0,0,H1,1,Athens,1.5,S?,78.75,1.5,2018-12-19T00:00:00Z
506,High,0,0,H2,2,Athens,17.5,S,71.75,17.5,2018-12-19T00:00:00Z
507,High,0,0,H3,3,Athens,17.5,S,103.25,17.5,2018-12-19T00:00:00Z
508,High,0,0,H4,4,Athens,1.5,A,26.25,1.5,2018-12-19T00:00:00Z
509,High,0,0,H5,5,Athens,4.5,S,47.25,4.5,2018-12-19T00:00:00Z
510,High,0,0,H6,6,Athens,0,A,31.5,0,2018-12-19T00:00:00Z
511,High,0,0,H7,7,Athens,4.5,S,26.25,4.5,2018-12-19T00:00:00Z
512,High,1,0,H8,8,Athens,62.5,S,334.25,62.5,2018-12-19T00:00:00Z
513,High,0,0,H9,9,Athens,17.5,S,103.25,17.5,2018-12-19T00:00:00Z
514,High,0,0,H10,10,Athens,0,A,42,0,2018-12-19T00:00:00Z
515,High,0,0,H11,11,Athens,1.5,A,5.25,1.5,2018-12-19T00:00:00Z
516,High,0,0,H12,12,Athens,0,A,10.5,0,2018-12-19T00:00:00Z
517,NoTrt,0,0,C1,1,Athens,0,A,0,0,2018-12-19T00:00:00Z
518,NoTrt,0,0,C2,2,Athens,1.5,A,5.25,1.5,2018-12-19T00:00:00Z
519,NoTrt,0,0,C3,3,Athens,0,A,0,0,2018-12-19T00:00:00Z
520,NoTrt,0,0,C4,4,Athens,1.5,A,5.25,1.5,2018-12-19T00:00:00Z
521,NoTrt,0,0,C5,5,Athens,0,A,0,0,2018-12-19T00:00:00Z
522,NoTrt,0,0,C6,6,Athens,0,A,0,0,2018-12-19T00:00:00Z
523,NoTrt,0,0,C7,7,Athens,0,A,0,0,2018-12-19T00:00:00Z
524,NoTrt,0,0,C8,8,Athens,0,A,0,0,2018-12-19T00:00:00Z
525,NoTrt,0,0,C9,9,Athens,0,A,0,0,2018-12-19T00:00:00Z
526,NoTrt,0,0,C10,10,Athens,1.5,A,5.25,1.5,2018-12-19T00:00:00Z
527,NoTrt,0,0,C11,11,Athens,0,A,0,0,2018-12-19T00:00:00Z
528,NoTrt,0,0,C12,12,Athens,0,A,0,0,2018-12-19T00:00:00Z
529,Water,0,NA,A1,1,Griffin,0,No,NA,NA,2018-08-28T00:00:00Z
530,Water,0,NA,A2,2,Griffin,0,No,NA,NA,2018-08-28T00:00:00Z
531,Water,0,NA,A3,3,Griffin,0,No,NA,NA,2018-08-28T00:00:00Z
532,Water,0,NA,A4,4,Griffin,0,No,NA,NA,2018-08-28T00:00:00Z
533,Water,0,NA,A5,5,Griffin,0,No,NA,NA,2018-08-28T00:00:00Z
534,Water,0,NA,A6,6,Griffin,0,No,NA,NA,2018-08-28T00:00:00Z
535,Water,1,NA,A8,8,Griffin,0,No,NA,NA,2018-08-28T00:00:00Z
536,Water,0,NA,A9,9,Griffin,0,No,NA,NA,2018-08-28T00:00:00Z
537,Water,0,NA,A12,12,Griffin,0,No,NA,NA,2018-08-28T00:00:00Z
538,High,0,NA,B1,1,Griffin,0,No,NA,NA,2018-08-28T00:00:00Z
539,High,0,NA,B2,2,Griffin,0,No,NA,NA,2018-08-28T00:00:00Z
540,High,0,NA,B3,3,Griffin,0,No,NA,NA,2018-08-28T00:00:00Z
541,High,0,NA,B4,4,Griffin,0,No,NA,NA,2018-08-28T00:00:00Z
542,High,0,NA,B5,5,Griffin,0,No,NA,NA,2018-08-28T00:00:00Z
543,High,0,NA,B6,6,Griffin,0,No,NA,NA,2018-08-28T00:00:00Z
544,High,0,NA,B7,7,Griffin,0,No,NA,NA,2018-08-28T00:00:00Z
545,High,0,NA,B8,8,Griffin,0,No,NA,NA,2018-08-28T00:00:00Z
546,High,0,NA,B9,9,Griffin,0,No,NA,NA,2018-08-28T00:00:00Z
547,High,0,NA,B11,11,Griffin,0,No,NA,NA,2018-08-28T00:00:00Z
548,High,0,NA,B12,12,Griffin,0,No,NA,NA,2018-08-28T00:00:00Z
549,Low,0,NA,C1,1,Griffin,0,No,NA,NA,2018-08-28T00:00:00Z
550,Low,0,NA,C2,2,Griffin,0,No,NA,NA,2018-08-28T00:00:00Z
551,Low,0,NA,C3,3,Griffin,0,No,NA,NA,2018-08-28T00:00:00Z
552,Low,0,NA,C4,4,Griffin,0,No,NA,NA,2018-08-28T00:00:00Z
553,Low,0,NA,C5,5,Griffin,0,No,NA,NA,2018-08-28T00:00:00Z
554,Low,0,NA,C6,6,Griffin,0,No,NA,NA,2018-08-28T00:00:00Z
555,Low,0,NA,C7,7,Griffin,0,No,NA,NA,2018-08-28T00:00:00Z
556,Low,0,NA,C8,8,Griffin,0,No,NA,NA,2018-08-28T00:00:00Z
557,Low,0,NA,C9,9,Griffin,0,No,NA,NA,2018-08-28T00:00:00Z
558,Low,0,NA,C11,11,Griffin,0,No,NA,NA,2018-08-28T00:00:00Z
559,Low,0,NA,C12,12,Griffin,0,No,NA,NA,2018-08-28T00:00:00Z
560,Spiro,0,NA,D1,1,Griffin,0,No,NA,NA,2018-08-28T00:00:00Z
561,Spiro,0,NA,D2,2,Griffin,0,No,NA,NA,2018-08-28T00:00:00Z
562,Spiro,0,NA,D3,3,Griffin,0,No,NA,NA,2018-08-28T00:00:00Z
563,Spiro,0,NA,D4,4,Griffin,0,No,NA,NA,2018-08-28T00:00:00Z
564,Spiro,0,NA,D5,5,Griffin,0,No,NA,NA,2018-08-28T00:00:00Z
565,Spiro,0,NA,D6,6,Griffin,0,No,NA,NA,2018-08-28T00:00:00Z
566,Spiro,0,NA,D7,7,Griffin,0,No,NA,NA,2018-08-28T00:00:00Z
567,Spiro,0,NA,D8,8,Griffin,0,No,NA,NA,2018-08-28T00:00:00Z
568,Spiro,1,NA,D9,9,Griffin,0,No,NA,NA,2018-08-28T00:00:00Z
569,Spiro,0,NA,D10,10,Griffin,0,No,NA,NA,2018-08-28T00:00:00Z
570,Spiro,0,NA,D11,11,Griffin,0,No,NA,NA,2018-08-28T00:00:00Z
571,Spiro,0,NA,D12,12,Griffin,0,No,NA,NA,2018-08-28T00:00:00Z
572,Water,0,NA,A1,1,Griffin,0,No,NA,NA,2018-08-28T00:00:00Z
573,Water,0,NA,A2,2,Griffin,0,No,NA,NA,2018-08-28T00:00:00Z
574,Water,0,NA,A3,3,Griffin,0,No,NA,NA,2018-08-28T00:00:00Z
575,Water,0,NA,A4,4,Griffin,0,No,NA,NA,2018-08-28T00:00:00Z
576,Water,1,NA,A5,5,Griffin,0,No,NA,NA,2018-08-28T00:00:00Z
577,Water,0,NA,A6,6,Griffin,0,No,NA,NA,2018-08-28T00:00:00Z
578,Water,0,NA,A8,8,Griffin,0,No,NA,NA,2018-08-28T00:00:00Z
579,Water,0,NA,A9,9,Griffin,0,No,NA,NA,2018-08-28T00:00:00Z
580,Water,0,NA,A10,10,Griffin,0,No,NA,NA,2018-08-28T00:00:00Z
581,Water,0,NA,A11,11,Griffin,0,No,NA,NA,2018-08-28T00:00:00Z
582,Water,0,NA,A12,12,Griffin,0,No,NA,NA,2018-08-28T00:00:00Z
583,High,0,NA,B1,1,Griffin,0,No,NA,NA,2018-08-28T00:00:00Z
584,High,0,NA,B2,2,Griffin,0,No,NA,NA,2018-08-28T00:00:00Z
585,High,0,NA,B3,3,Griffin,0,No,NA,NA,2018-08-28T00:00:00Z
586,High,0,NA,B4,4,Griffin,0,No,NA,NA,2018-08-28T00:00:00Z
587,High,0,NA,B5,5,Griffin,0,No,NA,NA,2018-08-28T00:00:00Z
588,High,0,NA,B6,6,Griffin,0,No,NA,NA,2018-08-28T00:00:00Z
589,High,0,NA,B8,8,Griffin,0,No,NA,NA,2018-08-28T00:00:00Z
590,High,0,NA,B9,9,Griffin,0,No,NA,NA,2018-08-28T00:00:00Z
591,High,0,NA,B10,10,Griffin,0,No,NA,NA,2018-08-28T00:00:00Z
592,High,0,NA,B11,11,Griffin,0,No,NA,NA,2018-08-28T00:00:00Z
593,High,0,NA,B12,12,Griffin,0,No,NA,NA,2018-08-28T00:00:00Z
594,Water,0,NA,A1,1,Griffin,0,No,NA,NA,2018-09-04T00:00:00Z
595,Water,1,NA,A4,4,Griffin,0,No,NA,NA,2018-09-04T00:00:00Z
596,Water,0,NA,A7,7,Griffin,0,No,NA,NA,2018-09-04T00:00:00Z
597,Water,0,NA,A10,10,Griffin,0,No,NA,NA,2018-09-04T00:00:00Z
598,High,0,NA,B1,1,Griffin,0,No,NA,NA,2018-09-04T00:00:00Z
599,High,0,NA,B4,4,Griffin,0,No,NA,NA,2018-09-04T00:00:00Z
600,High,0,NA,B7,7,Griffin,0,No,NA,NA,2018-09-04T00:00:00Z
601,High,0,NA,B10,10,Griffin,0,No,NA,NA,2018-09-04T00:00:00Z
602,Low,0,NA,C1,1,Griffin,0,No,NA,NA,2018-09-04T00:00:00Z
603,Low,0,NA,C4,4,Griffin,0,No,NA,NA,2018-09-04T00:00:00Z
604,Low,0,NA,C7,7,Griffin,0,No,NA,NA,2018-09-04T00:00:00Z
605,Low,0,NA,C10,10,Griffin,0,No,NA,NA,2018-09-04T00:00:00Z
606,Spiro,0,NA,D1,1,Griffin,0,No,NA,NA,2018-09-04T00:00:00Z
607,Spiro,0,NA,D4,4,Griffin,0,No,NA,NA,2018-09-04T00:00:00Z
608,Spiro,0,NA,D7,7,Griffin,0,No,NA,NA,2018-09-04T00:00:00Z
609,Spiro,0,NA,D10,10,Griffin,0,No,NA,NA,2018-09-04T00:00:00Z
610,Water,0,NA,A2,2,Griffin,0,No,NA,NA,2018-09-12T00:00:00Z
611,Water,0,NA,A5,5,Griffin,0,No,NA,NA,2018-09-12T00:00:00Z
612,Water,0,NA,A8,8,Griffin,0,No,NA,NA,2018-09-12T00:00:00Z
613,Water,0,NA,A11,11,Griffin,0,No,NA,NA,2018-09-12T00:00:00Z
614,High,0,NA,B2,2,Griffin,0,No,NA,NA,2018-09-12T00:00:00Z
615,High,0,NA,B5,5,Griffin,0,No,NA,NA,2018-09-12T00:00:00Z
616,High,0,NA,B8,8,Griffin,0,No,NA,NA,2018-09-12T00:00:00Z
617,High,0,NA,B11,11,Griffin,0,No,NA,NA,2018-09-12T00:00:00Z
618,Low,0,NA,C2,2,Griffin,0,No,NA,NA,2018-09-12T00:00:00Z
619,Low,0,NA,C5,5,Griffin,0,No,NA,NA,2018-09-12T00:00:00Z
620,Low,0,NA,C8,8,Griffin,0,No,NA,NA,2018-09-12T00:00:00Z
621,Low,0,NA,C11,11,Griffin,0,No,NA,NA,2018-09-12T00:00:00Z
622,Spiro,0,NA,D2,2,Griffin,0,No,NA,NA,2018-09-12T00:00:00Z
623,Spiro,0,NA,D5,5,Griffin,0,No,NA,NA,2018-09-12T00:00:00Z
624,Spiro,0,NA,D8,8,Griffin,0,No,NA,NA,2018-09-12T00:00:00Z
625,Spiro,0,NA,D11,11,Griffin,0,No,NA,NA,2018-09-12T00:00:00Z
626,Water,0,NA,A3,3,Griffin,0,No,NA,NA,2018-09-18T00:00:00Z
627,Water,0,NA,A6,6,Griffin,0,No,NA,NA,2018-09-18T00:00:00Z
628,Water,0,NA,A9,9,Griffin,0,No,NA,NA,2018-09-18T00:00:00Z
629,Water,0,NA,A12,12,Griffin,0,No,NA,NA,2018-09-18T00:00:00Z
630,High,0,NA,B3,3,Griffin,0,No,NA,NA,2018-09-18T00:00:00Z
631,High,0,NA,B6,6,Griffin,0,No,NA,NA,2018-09-18T00:00:00Z
632,High,0,NA,B9,9,Griffin,0,No,NA,NA,2018-09-18T00:00:00Z
633,High,0,NA,B12,12,Griffin,0,No,NA,NA,2018-09-18T00:00:00Z
634,Low,0,NA,C3,3,Griffin,0,No,NA,NA,2018-09-18T00:00:00Z
635,Low,0,NA,C6,6,Griffin,0,No,NA,NA,2018-09-18T00:00:00Z
636,Low,0,NA,C9,9,Griffin,0,No,NA,NA,2018-09-18T00:00:00Z
637,Low,0,NA,C12,12,Griffin,0,No,NA,NA,2018-09-18T00:00:00Z
638,Spiro,0,NA,D3,3,Griffin,0,No,NA,NA,2018-09-18T00:00:00Z
639,Spiro,0,NA,D6,6,Griffin,0,No,NA,NA,2018-09-18T00:00:00Z
640,Spiro,0,NA,D9,9,Griffin,0,No,NA,NA,2018-09-18T00:00:00Z
641,Spiro,0,NA,D12,12,Griffin,0,No,NA,NA,2018-09-18T00:00:00Z
642,Water,0,NA,A1,1,Griffin,0,No,NA,NA,2018-09-25T00:00:00Z
643,Water,0,NA,A4,4,Griffin,0,No,NA,NA,2018-09-25T00:00:00Z
644,Water,0,NA,A7,7,Griffin,0,No,NA,NA,2018-09-25T00:00:00Z
645,Water,0,NA,A10,10,Griffin,0,No,NA,NA,2018-09-25T00:00:00Z
646,High,0,NA,B1,1,Griffin,0,No,NA,NA,2018-09-25T00:00:00Z
647,High,0,NA,B4,4,Griffin,0,No,NA,NA,2018-09-25T00:00:00Z
648,High,0,NA,B7,7,Griffin,0,No,NA,NA,2018-09-25T00:00:00Z
649,High,0,NA,B10,10,Griffin,0,No,NA,NA,2018-09-25T00:00:00Z
650,Low,0,NA,C1,1,Griffin,0,No,NA,NA,2018-09-25T00:00:00Z
651,Low,0,NA,C4,4,Griffin,0,No,NA,NA,2018-09-25T00:00:00Z
652,Low,0,NA,C7,7,Griffin,0,No,NA,NA,2018-09-25T00:00:00Z
653,Low,0,NA,C10,10,Griffin,0,No,NA,NA,2018-09-25T00:00:00Z
654,Spiro,0,NA,D1,1,Griffin,0,No,NA,NA,2018-09-25T00:00:00Z
655,Spiro,0,NA,D4,4,Griffin,0,No,NA,NA,2018-09-25T00:00:00Z
656,Spiro,0,NA,D7,7,Griffin,0,No,NA,NA,2018-09-25T00:00:00Z
657,Spiro,0,NA,D10,10,Griffin,0,No,NA,NA,2018-09-25T00:00:00Z
658,Water,0,NA,A2,2,Griffin,0,No,NA,NA,2018-10-02T00:00:00Z
659,Water,0,NA,A5,5,Griffin,0,No,NA,NA,2018-10-02T00:00:00Z
660,Water,0,NA,A8,8,Griffin,0,No,NA,NA,2018-10-02T00:00:00Z
661,Water,0,NA,A11,11,Griffin,0,No,NA,NA,2018-10-02T00:00:00Z
662,High,0,NA,B2,2,Griffin,0,No,NA,NA,2018-10-02T00:00:00Z
663,High,0,NA,B5,5,Griffin,0,No,NA,NA,2018-10-02T00:00:00Z
664,High,0,NA,B8,8,Griffin,0,No,NA,NA,2018-10-02T00:00:00Z
665,High,0,NA,B11,11,Griffin,0,No,NA,NA,2018-10-02T00:00:00Z
666,Low,0,NA,C2,2,Griffin,0,No,NA,NA,2018-10-02T00:00:00Z
667,Low,0,NA,C5,5,Griffin,0,No,NA,NA,2018-10-02T00:00:00Z
668,Low,0,NA,C11,11,Griffin,0,No,NA,NA,2018-10-02T00:00:00Z
669,Spiro,0,NA,D2,2,Griffin,0,No,NA,NA,2018-10-02T00:00:00Z
670,Spiro,0,NA,D5,5,Griffin,0,No,NA,NA,2018-10-02T00:00:00Z
671,Spiro,0,NA,D8,8,Griffin,0,No,NA,NA,2018-10-02T00:00:00Z
672,Spiro,0,NA,D11,11,Griffin,0,No,NA,NA,2018-10-02T00:00:00Z
673,Water,0,NA,A3,3,Griffin,0,No,NA,NA,2018-10-09T00:00:00Z
674,Water,0,NA,A6,6,Griffin,0,No,NA,NA,2018-10-09T00:00:00Z
675,Water,0,NA,A9,9,Griffin,0,No,NA,NA,2018-10-09T00:00:00Z
676,Water,0,NA,A12,12,Griffin,0,No,NA,NA,2018-10-09T00:00:00Z
677,High,0,NA,B3,3,Griffin,0,No,NA,NA,2018-10-09T00:00:00Z
678,High,0,NA,B6,6,Griffin,0,No,NA,NA,2018-10-09T00:00:00Z
679,High,0,NA,B9,9,Griffin,0,No,NA,NA,2018-10-09T00:00:00Z
680,High,0,NA,B12,12,Griffin,0,No,NA,NA,2018-10-09T00:00:00Z
681,Low,0,NA,C3,3,Griffin,0,No,NA,NA,2018-10-09T00:00:00Z
682,Low,0,NA,C6,6,Griffin,0,No,NA,NA,2018-10-09T00:00:00Z
683,Low,0,NA,C9,9,Griffin,0,No,NA,NA,2018-10-09T00:00:00Z
684,Low,0,NA,C12,12,Griffin,0,No,NA,NA,2018-10-09T00:00:00Z
685,Spiro,0,NA,D3,3,Griffin,0,No,NA,NA,2018-10-09T00:00:00Z
686,Spiro,0,NA,D6,6,Griffin,0,No,NA,NA,2018-10-09T00:00:00Z
687,Spiro,0,NA,D9,9,Griffin,0,No,NA,NA,2018-10-09T00:00:00Z
688,Spiro,0,NA,D12,12,Griffin,0,No,NA,NA,2018-10-09T00:00:00Z
689,Water,0,NA,A1,1,Griffin,0,No,NA,NA,2018-10-15T00:00:00Z
690,Water,0,NA,A4,4,Griffin,0,No,NA,NA,2018-10-15T00:00:00Z
691,Water,0,NA,A7,7,Griffin,0,No,NA,NA,2018-10-15T00:00:00Z
692,Water,0,NA,A10,10,Griffin,0,No,NA,NA,2018-10-15T00:00:00Z
693,High,0,NA,B1,1,Griffin,0,No,NA,NA,2018-10-15T00:00:00Z
694,High,0,NA,B4,4,Griffin,0,No,NA,NA,2018-10-15T00:00:00Z
695,High,0,NA,B7,7,Griffin,0,No,NA,NA,2018-10-15T00:00:00Z
696,High,0,NA,B10,10,Griffin,0,No,NA,NA,2018-10-15T00:00:00Z
697,Low,0,NA,C4,4,Griffin,0,No,NA,NA,2018-10-15T00:00:00Z
698,Low,0,NA,C7,7,Griffin,0,No,NA,NA,2018-10-15T00:00:00Z
699,Low,0,NA,C10,10,Griffin,0,No,NA,NA,2018-10-15T00:00:00Z
700,Spiro,0,NA,D1,1,Griffin,0,No,NA,NA,2018-10-15T00:00:00Z
701,Spiro,0,NA,D4,4,Griffin,0,No,NA,NA,2018-10-15T00:00:00Z
702,Spiro,1,NA,D7,7,Griffin,0,No,NA,NA,2018-10-15T00:00:00Z
703,Spiro,0,NA,D10,10,Griffin,0,No,NA,NA,2018-10-15T00:00:00Z
704,Water,0,NA,A1,1,Griffin,0,No,NA,NA,2018-10-23T00:00:00Z
705,Water,0,NA,A2,2,Griffin,0,No,NA,NA,2018-10-23T00:00:00Z
706,Water,0,NA,A3,3,Griffin,0,No,NA,NA,2018-10-23T00:00:00Z
707,Water,0,NA,A4,4,Griffin,0,No,NA,NA,2018-10-23T00:00:00Z
708,Water,0,NA,A5,5,Griffin,0,No,NA,NA,2018-10-23T00:00:00Z
709,Water,45,NA,A6,6,Griffin,0,No,NA,NA,2018-10-23T00:00:00Z
710,Water,0,NA,A7,7,Griffin,0,No,NA,NA,2018-10-23T00:00:00Z
711,Water,0,NA,A8,8,Griffin,0,No,NA,NA,2018-10-23T00:00:00Z
712,Water,3,NA,A9,9,Griffin,0,No,NA,NA,2018-10-23T00:00:00Z
713,Water,0,NA,A10,10,Griffin,0,No,NA,NA,2018-10-23T00:00:00Z
714,Water,0,NA,A11,11,Griffin,0,No,NA,NA,2018-10-23T00:00:00Z
715,Water,0,NA,A12,12,Griffin,0,No,NA,NA,2018-10-23T00:00:00Z
716,High,0,NA,B1,1,Griffin,0,No,NA,NA,2018-10-23T00:00:00Z
717,High,0,NA,B2,2,Griffin,0,No,NA,NA,2018-10-23T00:00:00Z
718,High,0,NA,B3,3,Griffin,0,No,NA,NA,2018-10-23T00:00:00Z
719,High,0,NA,B4,4,Griffin,0,No,NA,NA,2018-10-23T00:00:00Z
720,High,0,NA,B5,5,Griffin,0,No,NA,NA,2018-10-23T00:00:00Z
721,High,0,NA,B6,6,Griffin,0,No,NA,NA,2018-10-23T00:00:00Z
722,High,0,NA,B7,7,Griffin,0,No,NA,NA,2018-10-23T00:00:00Z
723,High,0,NA,B8,8,Griffin,0,No,NA,NA,2018-10-23T00:00:00Z
724,High,0,NA,B9,9,Griffin,0,No,NA,NA,2018-10-23T00:00:00Z
725,High,0,NA,B10,10,Griffin,0,No,NA,NA,2018-10-23T00:00:00Z
726,High,0,NA,B11,11,Griffin,0,No,NA,NA,2018-10-23T00:00:00Z
727,High,0,NA,B12,12,Griffin,0,No,NA,NA,2018-10-23T00:00:00Z
728,Low,0,NA,C1,1,Griffin,0,No,NA,NA,2018-10-23T00:00:00Z
729,Low,0,NA,C2,2,Griffin,0,No,NA,NA,2018-10-23T00:00:00Z
730,Low,0,NA,C3,3,Griffin,0,No,NA,NA,2018-10-23T00:00:00Z
731,Low,0,NA,C4,4,Griffin,0,No,NA,NA,2018-10-23T00:00:00Z
732,Low,0,NA,C5,5,Griffin,0,No,NA,NA,2018-10-23T00:00:00Z
733,Low,0,NA,C6,6,Griffin,0,No,NA,NA,2018-10-23T00:00:00Z
734,Low,0,NA,C7,7,Griffin,0,No,NA,NA,2018-10-23T00:00:00Z
735,Low,0,NA,C8,8,Griffin,0,No,NA,NA,2018-10-23T00:00:00Z
736,Low,0,NA,C9,9,Griffin,0,No,NA,NA,2018-10-23T00:00:00Z
737,Low,0,NA,C10,10,Griffin,0,No,NA,NA,2018-10-23T00:00:00Z
738,Low,1,NA,C11,11,Griffin,0,No,NA,NA,2018-10-23T00:00:00Z
739,Low,0,NA,C12,12,Griffin,0,No,NA,NA,2018-10-23T00:00:00Z
740,Spiro,0,NA,D1,1,Griffin,0,No,NA,NA,2018-10-23T00:00:00Z
741,Spiro,0,NA,D2,2,Griffin,0,No,NA,NA,2018-10-23T00:00:00Z
742,Spiro,0,NA,D3,3,Griffin,0,No,NA,NA,2018-10-23T00:00:00Z
743,Spiro,0,NA,D4,4,Griffin,0,No,NA,NA,2018-10-23T00:00:00Z
744,Spiro,0,NA,D5,5,Griffin,0,No,NA,NA,2018-10-23T00:00:00Z
745,Spiro,0,NA,D6,6,Griffin,0,No,NA,NA,2018-10-23T00:00:00Z
746,Spiro,0,NA,D7,7,Griffin,0,No,NA,NA,2018-10-23T00:00:00Z
747,Spiro,0,NA,D8,8,Griffin,0,No,NA,NA,2018-10-23T00:00:00Z
748,Spiro,0,NA,D9,9,Griffin,0,No,NA,NA,2018-10-23T00:00:00Z
749,Spiro,0,NA,D10,10,Griffin,0,No,NA,NA,2018-10-23T00:00:00Z
750,Spiro,0,NA,D11,11,Griffin,0,No,NA,NA,2018-10-23T00:00:00Z
751,Spiro,0,NA,D12,12,Griffin,0,No,NA,NA,2018-10-23T00:00:00Z
752,Low,0,NA,C3,3,Griffin,0,No,NA,NA,2019-06-10T00:00:00Z
753,Spiro,0,NA,D9,9,Griffin,0,No,NA,NA,2019-06-10T00:00:00Z
754,High,0,NA,B10,10,Griffin,0,No,NA,NA,2019-06-10T00:00:00Z
755,Low,0,NA,C6,6,Griffin,0,No,NA,NA,2019-06-10T00:00:00Z
756,Spiro,0,NA,D7,7,Griffin,0,No,NA,NA,2019-06-10T00:00:00Z
757,Spiro,0,NA,D11,11,Griffin,0,No,NA,NA,2019-06-10T00:00:00Z
758,Water,0,NA,A5,5,Griffin,0,No,NA,NA,2019-06-10T00:00:00Z
759,Water,0,NA,A7,7,Griffin,0,No,NA,NA,2019-06-10T00:00:00Z
760,Water,0,NA,A10,10,Griffin,0,No,NA,NA,2019-06-10T00:00:00Z
761,High,0,NA,B7,7,Griffin,0,No,NA,NA,2019-06-10T00:00:00Z
762,High,0,NA,B12,12,Griffin,0,No,NA,NA,2019-06-10T00:00:00Z
763,Water,0,NA,A6,6,Griffin,0,No,NA,NA,2019-06-10T00:00:00Z
764,High,0,NA,B8,8,Griffin,0,No,NA,NA,2019-06-10T00:00:00Z
765,Low,0,NA,C8,8,Griffin,0,No,NA,NA,2019-06-10T00:00:00Z
766,Low,0,NA,C12,12,Griffin,0,No,NA,NA,2019-06-10T00:00:00Z
767,Spiro,0,NA,D5,5,Griffin,0,No,NA,NA,2019-06-10T00:00:00Z
768,Water,0,NA,A2,2,Griffin,0,No,NA,NA,2019-06-17T00:00:00Z
769,High,0,NA,B1,1,Griffin,0,No,NA,NA,2019-06-17T00:00:00Z
770,High,0,NA,B5,5,Griffin,0,No,NA,NA,2019-06-17T00:00:00Z
771,High,0,NA,B9,9,Griffin,0,No,NA,NA,2019-06-17T00:00:00Z
772,Low,0,NA,C4,4,Griffin,0,No,NA,NA,2019-06-17T00:00:00Z
773,Low,0,NA,C5,5,Griffin,0,No,NA,NA,2019-06-17T00:00:00Z
774,Low,0,NA,C10,10,Griffin,0,No,NA,NA,2019-06-17T00:00:00Z
775,Spiro,0,NA,D1,1,Griffin,0,No,NA,NA,2019-06-17T00:00:00Z
776,Water,0,NA,A8,8,Griffin,0,No,NA,NA,2019-06-17T00:00:00Z
777,Water,0,NA,A11,11,Griffin,0,No,NA,NA,2019-06-17T00:00:00Z
778,Low,0,NA,C7,7,Griffin,0,No,NA,NA,2019-06-17T00:00:00Z
779,Spiro,0,NA,D4,4,Griffin,0,No,NA,NA,2019-06-17T00:00:00Z
780,Spiro,0,NA,D8,8,Griffin,0,No,NA,NA,2019-06-17T00:00:00Z
781,Spiro,0,NA,D10,10,Griffin,0,No,NA,NA,2019-06-17T00:00:00Z
782,Water,0,NA,A12,12,Griffin,0,No,NA,NA,2019-06-17T00:00:00Z
783,High,0,NA,B3,3,Griffin,0,No,NA,NA,2019-06-17T00:00:00Z
784,Water,0,NA,A1,1,Griffin,0,No,NA,NA,2019-06-25T00:00:00Z
785,Water,37,NA,A3,3,Griffin,0,No,NA,NA,2019-06-25T00:00:00Z
786,Water,49,NA,A4,4,Griffin,0,No,NA,NA,2019-06-25T00:00:00Z
787,Water,22,NA,A9,9,Griffin,0,No,NA,NA,2019-06-25T00:00:00Z
788,High,0,NA,B2,2,Griffin,0,No,NA,NA,2019-06-25T00:00:00Z
789,High,0,NA,B4,4,Griffin,0,No,NA,NA,2019-06-25T00:00:00Z
790,High,0,NA,B6,6,Griffin,0,No,NA,NA,2019-06-25T00:00:00Z
791,High,0,NA,B11,11,Griffin,0,No,NA,NA,2019-06-25T00:00:00Z
792,Low,0,NA,C1,1,Griffin,0,No,NA,NA,2019-06-25T00:00:00Z
793,Low,0,NA,C2,2,Griffin,0,No,NA,NA,2019-06-25T00:00:00Z
794,Low,57,NA,C9,9,Griffin,0,No,NA,NA,2019-06-25T00:00:00Z
795,Low,32,NA,C11,11,Griffin,0,No,NA,NA,2019-06-25T00:00:00Z
796,Spiro,0,NA,D2,2,Griffin,0,No,NA,NA,2019-06-25T00:00:00Z
797,Spiro,19,NA,D3,3,Griffin,0,No,NA,NA,2019-06-25T00:00:00Z
798,Spiro,20,NA,D6,6,Griffin,0,No,NA,NA,2019-06-25T00:00:00Z
799,Spiro,32,NA,D12,12,Griffin,0,No,NA,NA,2019-06-25T00:00:00Z
800,Water,0,NA,A5,5,Griffin,0,No,NA,NA,2019-07-01T00:00:00Z
801,High,0,NA,B8,8,Griffin,0,No,NA,NA,2019-07-01T00:00:00Z
802,Low,0,NA,C8,8,Griffin,0,No,NA,NA,2019-07-01T00:00:00Z
803,Low,0,NA,C12,12,Griffin,0,No,NA,NA,2019-07-01T00:00:00Z
804,Spiro,0,NA,D9,9,Griffin,0,No,NA,NA,2019-07-01T00:00:00Z
805,Water,0,NA,A6,6,Griffin,0,No,NA,NA,2019-07-01T00:00:00Z
806,High,0,NA,B10,10,Griffin,0,No,NA,NA,2019-07-01T00:00:00Z
807,Low,0,NA,C6,6,Griffin,0,No,NA,NA,2019-07-01T00:00:00Z
808,Spiro,0,NA,D5,5,Griffin,0,No,NA,NA,2019-07-01T00:00:00Z
809,Spiro,0,NA,D7,7,Griffin,0,No,NA,NA,2019-07-01T00:00:00Z
810,Water,0,NA,A7,7,Griffin,0,No,NA,NA,2019-07-01T00:00:00Z
811,Water,0,NA,A10,10,Griffin,0,No,NA,NA,2019-07-01T00:00:00Z
812,High,0,NA,B7,7,Griffin,0,No,NA,NA,2019-07-01T00:00:00Z
813,Low,0,NA,C3,3,Griffin,0,No,NA,NA,2019-07-01T00:00:00Z
814,Spiro,0,NA,D11,11,Griffin,0,No,NA,NA,2019-07-01T00:00:00Z
815,High,0,NA,B12,12,Griffin,0,No,NA,NA,2019-07-01T00:00:00Z
816,Water,0,NA,A8,8,Griffin,0,No,NA,NA,2019-07-08T00:00:00Z
817,Water,0,NA,A11,11,Griffin,0,No,NA,NA,2019-07-08T00:00:00Z
818,Water,0,NA,A12,12,Griffin,0,No,NA,NA,2019-07-08T00:00:00Z
819,High,0,NA,B3,3,Griffin,0,No,NA,NA,2019-07-08T00:00:00Z
820,Low,0,NA,C7,7,Griffin,0,No,NA,NA,2019-07-08T00:00:00Z
821,Spiro,0,NA,D4,4,Griffin,0,No,NA,NA,2019-07-08T00:00:00Z
822,Spiro,0,NA,D8,8,Griffin,0,No,NA,NA,2019-07-08T00:00:00Z
823,Spiro,0,NA,D10,10,Griffin,0,No,NA,NA,2019-07-08T00:00:00Z
824,High,0,NA,B1,1,Griffin,0,No,NA,NA,2019-07-08T00:00:00Z
825,High,0,NA,B5,5,Griffin,0,No,NA,NA,2019-07-08T00:00:00Z
826,High,0,NA,B9,9,Griffin,0,No,NA,NA,2019-07-08T00:00:00Z
827,Low,0,NA,C5,5,Griffin,0,No,NA,NA,2019-07-08T00:00:00Z
828,Low,0,NA,C10,10,Griffin,0,No,NA,NA,2019-07-08T00:00:00Z
829,Spiro,0,NA,D1,1,Griffin,0,No,NA,NA,2019-07-08T00:00:00Z
830,Low,0,NA,C4,4,Griffin,0,No,NA,NA,2019-07-08T00:00:00Z
831,High,0,NA,B6,6,Griffin,0,No,NA,NA,2019-07-16T00:00:00Z
832,Spiro,0,NA,D2,2,Griffin,0,No,NA,NA,2019-07-16T00:00:00Z
833,Water,0,NA,A1,1,Griffin,0,No,NA,NA,2019-07-16T00:00:00Z
834,Water,0,NA,A3,3,Griffin,0,No,NA,NA,2019-07-16T00:00:00Z
835,Water,0,NA,A4,4,Griffin,0,No,NA,NA,2019-07-16T00:00:00Z
836,Water,0,NA,A9,9,Griffin,0,No,NA,NA,2019-07-16T00:00:00Z
837,High,0,NA,B2,2,Griffin,0,No,NA,NA,2019-07-16T00:00:00Z
838,High,0,NA,B4,4,Griffin,0,No,NA,NA,2019-07-16T00:00:00Z
839,Low,0,NA,C1,1,Griffin,0,No,NA,NA,2019-07-16T00:00:00Z
840,Low,0,NA,C2,2,Griffin,0,No,NA,NA,2019-07-16T00:00:00Z
841,Low,0,NA,C9,9,Griffin,0,No,NA,NA,2019-07-16T00:00:00Z
842,Spiro,0,NA,D3,3,Griffin,0,No,NA,NA,2019-07-16T00:00:00Z
843,Spiro,0,NA,D6,6,Griffin,0,No,NA,NA,2019-07-16T00:00:00Z
844,Spiro,0,NA,D12,12,Griffin,0,No,NA,NA,2019-07-16T00:00:00Z
845,High,0,NA,B11,11,Griffin,0,No,NA,NA,2019-07-16T00:00:00Z
846,Low,0,NA,C11,11,Griffin,0,No,NA,NA,2019-07-16T00:00:00Z
847,Water,0,NA,A5,5,Griffin,0,No,NA,NA,2019-07-22T00:00:00Z
848,Water,0,NA,A6,6,Griffin,0,No,NA,NA,2019-07-22T00:00:00Z
849,Water,0,NA,A7,7,Griffin,0,No,NA,NA,2019-07-22T00:00:00Z
850,Water,0,NA,A10,10,Griffin,0,No,NA,NA,2019-07-22T00:00:00Z
851,High,0,NA,B7,7,Griffin,0,No,NA,NA,2019-07-22T00:00:00Z
852,High,0,NA,B8,8,Griffin,0,No,NA,NA,2019-07-22T00:00:00Z
853,High,0,NA,B10,10,Griffin,0,No,NA,NA,2019-07-22T00:00:00Z
854,High,0,NA,B12,12,Griffin,0,No,NA,NA,2019-07-22T00:00:00Z
855,Low,0,NA,C6,6,Griffin,0,No,NA,NA,2019-07-22T00:00:00Z
856,Low,0,NA,C8,8,Griffin,0,No,NA,NA,2019-07-22T00:00:00Z
857,Low,0,NA,C12,12,Griffin,0,No,NA,NA,2019-07-22T00:00:00Z
858,Spiro,0,NA,D5,5,Griffin,0,No,NA,NA,2019-07-22T00:00:00Z
859,Spiro,0,NA,D7,7,Griffin,0,No,NA,NA,2019-07-22T00:00:00Z
860,Low,0,NA,C3,3,Griffin,0,No,NA,NA,2019-07-22T00:00:00Z
861,Spiro,0,NA,D9,9,Griffin,0,No,NA,NA,2019-07-22T00:00:00Z
862,Spiro,0,NA,D11,11,Griffin,0,No,NA,NA,2019-07-22T00:00:00Z
863,Low,0,NA,C4,4,Griffin,0,No,NA,NA,2019-07-29T00:00:00Z
864,Water,0,NA,A11,11,Griffin,0,No,NA,NA,2019-07-29T00:00:00Z
865,High,0,NA,B1,1,Griffin,0,No,NA,NA,2019-07-29T00:00:00Z
866,High,0,NA,B5,5,Griffin,0,No,NA,NA,2019-07-29T00:00:00Z
867,High,0,NA,B9,9,Griffin,0,No,NA,NA,2019-07-29T00:00:00Z
868,Spiro,0,NA,D1,1,Griffin,0,No,NA,NA,2019-07-29T00:00:00Z
869,Spiro,0,NA,D4,4,Griffin,0,No,NA,NA,2019-07-29T00:00:00Z
870,Spiro,0,NA,D8,8,Griffin,0,No,NA,NA,2019-07-29T00:00:00Z
871,Spiro,0,NA,D10,10,Griffin,0,No,NA,NA,2019-07-29T00:00:00Z
872,Water,0,NA,A2,2,Griffin,0,No,NA,NA,2019-07-29T00:00:00Z
873,Water,0,NA,A8,8,Griffin,0,No,NA,NA,2019-07-29T00:00:00Z
874,Water,0,NA,A12,12,Griffin,0,No,NA,NA,2019-07-29T00:00:00Z
875,High,0,NA,B3,3,Griffin,0,No,NA,NA,2019-07-29T00:00:00Z
876,Low,0,NA,C5,5,Griffin,0,No,NA,NA,2019-07-29T00:00:00Z
877,Low,0,NA,C7,7,Griffin,0,No,NA,NA,2019-07-29T00:00:00Z
878,Low,0,NA,C10,10,Griffin,0,No,NA,NA,2019-07-29T00:00:00Z
879,Low,0,NA,C9,9,Griffin,0,No,NA,NA,2019-08-05T00:00:00Z
880,Spiro,0,NA,D6,6,Griffin,0,No,NA,NA,2019-08-05T00:00:00Z
881,High,0,NA,B11,11,Griffin,0,No,NA,NA,2019-08-05T00:00:00Z
882,Low,0,NA,C11,11,Griffin,0,No,NA,NA,2019-08-05T00:00:00Z
883,Water,0,NA,A1,1,Griffin,0,No,NA,NA,2019-08-05T00:00:00Z
884,Water,0,NA,A3,3,Griffin,0,No,NA,NA,2019-08-05T00:00:00Z
885,Water,0,NA,A4,4,Griffin,0,No,NA,NA,2019-08-05T00:00:00Z
886,Water,0,NA,A9,9,Griffin,0,No,NA,NA,2019-08-05T00:00:00Z
887,High,0,NA,B2,2,Griffin,0,No,NA,NA,2019-08-05T00:00:00Z
888,High,0,NA,B4,4,Griffin,0,No,NA,NA,2019-08-05T00:00:00Z
889,High,0,NA,B6,6,Griffin,0,No,NA,NA,2019-08-05T00:00:00Z
890,Low,0,NA,C1,1,Griffin,0,No,NA,NA,2019-08-05T00:00:00Z
891,Low,0,NA,C2,2,Griffin,0,No,NA,NA,2019-08-05T00:00:00Z
892,Spiro,0,NA,D2,2,Griffin,0,No,NA,NA,2019-08-05T00:00:00Z
893,Spiro,0,NA,D3,3,Griffin,0,No,NA,NA,2019-08-05T00:00:00Z
894,Spiro,0,NA,D12,12,Griffin,0,No,NA,NA,2019-08-05T00:00:00Z
895,Spiro,0,NA,D11,11,Griffin,0,No,NA,NA,2019-08-12T00:00:00Z
896,Water,0,NA,A1,1,Griffin,0,No,NA,NA,2019-08-12T00:00:00Z
897,Water,0,NA,A3,3,Griffin,0,No,NA,NA,2019-08-12T00:00:00Z
898,Water,0,NA,A4,4,Griffin,0,No,NA,NA,2019-08-12T00:00:00Z
899,Water,0,NA,A6,6,Griffin,0,No,NA,NA,2019-08-12T00:00:00Z
900,Water,0,NA,A7,7,Griffin,0,No,NA,NA,2019-08-12T00:00:00Z
901,Water,0,NA,A10,10,Griffin,0,No,NA,NA,2019-08-12T00:00:00Z
902,High,0,NA,B4,4,Griffin,0,No,NA,NA,2019-08-12T00:00:00Z
903,High,0,NA,B7,7,Griffin,0,No,NA,NA,2019-08-12T00:00:00Z
904,High,0,NA,B11,11,Griffin,0,No,NA,NA,2019-08-12T00:00:00Z
905,High,0,NA,B12,12,Griffin,0,No,NA,NA,2019-08-12T00:00:00Z
906,Low,0,NA,C1,1,Griffin,0,No,NA,NA,2019-08-12T00:00:00Z
907,Low,1,NA,C2,2,Griffin,0,No,NA,NA,2019-08-12T00:00:00Z
908,Low,0,NA,C3,3,Griffin,0,No,NA,NA,2019-08-12T00:00:00Z
909,Low,0,NA,C11,11,Griffin,0,No,NA,NA,2019-08-12T00:00:00Z
910,Spiro,0,NA,D3,3,Griffin,0,No,NA,NA,2019-08-12T00:00:00Z
911,Spiro,0,NA,D5,5,Griffin,0,No,NA,NA,2019-08-12T00:00:00Z
912,Spiro,0,NA,D12,12,Griffin,0,No,NA,NA,2019-08-12T00:00:00Z
913,Water,0,NA,A2,2,Griffin,0,No,NA,NA,2019-08-12T00:00:00Z
914,Water,0,NA,A8,8,Griffin,0,No,NA,NA,2019-08-12T00:00:00Z
915,High,0,NA,B6,6,Griffin,0,No,NA,NA,2019-08-12T00:00:00Z
916,High,0,NA,B8,8,Griffin,0,No,NA,NA,2019-08-12T00:00:00Z
917,Low,0,NA,C5,5,Griffin,0,No,NA,NA,2019-08-12T00:00:00Z
918,Low,0,NA,C7,7,Griffin,0,No,NA,NA,2019-08-12T00:00:00Z
919,Low,0,NA,C8,8,Griffin,0,No,NA,NA,2019-08-12T00:00:00Z
920,Low,0,NA,C10,10,Griffin,0,No,NA,NA,2019-08-12T00:00:00Z
921,Low,0,NA,C12,12,Griffin,0,No,NA,NA,2019-08-12T00:00:00Z
922,Spiro,0,NA,D2,2,Griffin,0,No,NA,NA,2019-08-12T00:00:00Z
923,Water,0,NA,A5,5,Griffin,0,No,NA,NA,2019-08-12T00:00:00Z
924,Water,0,NA,A11,11,Griffin,0,No,NA,NA,2019-08-12T00:00:00Z
925,High,0,NA,B1,1,Griffin,0,No,NA,NA,2019-08-12T00:00:00Z
926,High,0,NA,B5,5,Griffin,0,No,NA,NA,2019-08-12T00:00:00Z
927,High,0,NA,B9,9,Griffin,0,No,NA,NA,2019-08-12T00:00:00Z
928,High,0,NA,B10,10,Griffin,0,No,NA,NA,2019-08-12T00:00:00Z
929,High,0,NA,B12,12,Griffin,0,No,NA,NA,2019-08-12T00:00:00Z
930,Low,0,NA,C4,4,Griffin,0,No,NA,NA,2019-08-12T00:00:00Z
931,Low,0,NA,C6,6,Griffin,0,No,NA,NA,2019-08-12T00:00:00Z
932,Low,0,NA,C9,9,Griffin,0,No,NA,NA,2019-08-12T00:00:00Z
933,Spiro,0,NA,D1,1,Griffin,0,No,NA,NA,2019-08-12T00:00:00Z
934,Spiro,0,NA,D4,4,Griffin,0,No,NA,NA,2019-08-12T00:00:00Z
935,Spiro,0,NA,D6,6,Griffin,0,No,NA,NA,2019-08-12T00:00:00Z
936,Spiro,0,NA,D7,7,Griffin,0,No,NA,NA,2019-08-12T00:00:00Z
937,Spiro,0,NA,D8,8,Griffin,0,No,NA,NA,2019-08-12T00:00:00Z
938,Spiro,0,NA,D9,9,Griffin,0,No,NA,NA,2019-08-12T00:00:00Z
939,Spiro,0,NA,D10,10,Griffin,0,No,NA,NA,2019-08-12T00:00:00Z
940,Water,0,NA,A12,12,Griffin,0,No,NA,NA,2019-08-12T00:00:00Z
941,High,0,NA,B3,3,Griffin,0,No,NA,NA,2019-08-12T00:00:00Z
