mite_no,time_sec,left,right,choice,trial,date,experiment,control,no_response,concentration,rose_label,RRV,chs
1,NA,NA,NA,experiment,rrv,2017-04-24T00:00:00Z,1,0,0,NA,101,+,1
2,NA,NA,NA,experiment,rrv,2017-04-24T00:00:00Z,1,0,0,NA,101,+,1
3,NA,NA,NA,experiment,rrv,2017-04-24T00:00:00Z,1,0,0,NA,101,+,1
4,NA,NA,NA,experiment,rrv,2017-04-24T00:00:00Z,1,0,0,NA,101,+,1
5,NA,NA,NA,experiment,rrv,2017-04-24T00:00:00Z,1,0,0,NA,101,+,1
6,NA,NA,NA,experiment,rrv,2017-04-24T00:00:00Z,1,0,0,NA,101,+,1
7,NA,NA,NA,experiment,rrv,2017-04-24T00:00:00Z,1,0,0,NA,101,+,1
8,NA,NA,NA,experiment,rrv,2017-04-24T00:00:00Z,1,0,0,NA,101,+,1
9,NA,NA,NA,experiment,rrv,2017-04-24T00:00:00Z,1,0,0,NA,101,+,1
10,NA,NA,NA,experiment,rrv,2017-04-24T00:00:00Z,1,0,0,NA,101,+,1
11,NA,NA,NA,control,rrv,2017-04-24T00:00:00Z,0,1,0,NA,101,+,-1
12,NA,NA,NA,control,rrv,2017-04-24T00:00:00Z,0,1,0,NA,101,+,-1
13,NA,NA,NA,control,rrv,2017-04-24T00:00:00Z,0,1,0,NA,101,+,-1
14,NA,NA,NA,control,rrv,2017-04-24T00:00:00Z,0,1,0,NA,101,+,-1
15,NA,NA,NA,control,rrv,2017-04-24T00:00:00Z,0,1,0,NA,101,+,-1
16,NA,NA,NA,control,rrv,2017-04-24T00:00:00Z,0,1,0,NA,101,+,-1
17,NA,NA,NA,control,rrv,2017-04-24T00:00:00Z,0,1,0,NA,101,+,-1
18,NA,NA,NA,control,rrv,2017-04-24T00:00:00Z,0,1,0,NA,101,+,-1
19,NA,NA,NA,no choice,rrv,2017-04-24T00:00:00Z,0,0,1,NA,101,+,0
20,NA,NA,NA,no choice,rrv,2017-04-24T00:00:00Z,0,0,1,NA,101,+,0
21,NA,NA,NA,experiment,rrv,2017-04-25T00:00:00Z,1,0,0,NA,101,+,1
22,NA,NA,NA,experiment,rrv,2017-04-25T00:00:00Z,1,0,0,NA,101,+,1
23,NA,NA,NA,experiment,rrv,2017-04-25T00:00:00Z,1,0,0,NA,101,+,1
24,NA,NA,NA,experiment,rrv,2017-04-25T00:00:00Z,1,0,0,NA,101,+,1
25,NA,NA,NA,experiment,rrv,2017-04-25T00:00:00Z,1,0,0,NA,101,+,1
26,NA,NA,NA,experiment,rrv,2017-04-25T00:00:00Z,1,0,0,NA,101,+,1
27,NA,NA,NA,experiment,rrv,2017-04-25T00:00:00Z,1,0,0,NA,101,+,1
28,NA,NA,NA,experiment,rrv,2017-04-25T00:00:00Z,1,0,0,NA,101,+,1
29,NA,NA,NA,experiment,rrv,2017-04-25T00:00:00Z,1,0,0,NA,101,+,1
30,NA,NA,NA,experiment,rrv,2017-04-25T00:00:00Z,1,0,0,NA,101,+,1
31,NA,NA,NA,control,rrv,2017-04-25T00:00:00Z,0,1,0,NA,101,+,-1
32,NA,NA,NA,control,rrv,2017-04-25T00:00:00Z,0,1,0,NA,101,+,-1
33,NA,NA,NA,control,rrv,2017-04-25T00:00:00Z,0,1,0,NA,101,+,-1
34,NA,NA,NA,control,rrv,2017-04-25T00:00:00Z,0,1,0,NA,101,+,-1
35,NA,NA,NA,control,rrv,2017-04-25T00:00:00Z,0,1,0,NA,101,+,-1
36,NA,NA,NA,control,rrv,2017-04-25T00:00:00Z,0,1,0,NA,101,+,-1
37,NA,NA,NA,control,rrv,2017-04-25T00:00:00Z,0,1,0,NA,101,+,-1
38,NA,NA,NA,no choice,rrv,2017-04-25T00:00:00Z,0,0,1,NA,101,+,0
39,NA,NA,NA,no choice,rrv,2017-04-25T00:00:00Z,0,0,1,NA,101,+,0
40,NA,NA,NA,no choice,rrv,2017-04-25T00:00:00Z,0,0,1,NA,101,+,0
41,NA,NA,NA,experiment,rrv,2017-04-26T00:00:00Z,1,0,0,NA,202,+,1
42,NA,NA,NA,experiment,rrv,2017-04-26T00:00:00Z,1,0,0,NA,202,+,1
43,NA,NA,NA,experiment,rrv,2017-04-26T00:00:00Z,1,0,0,NA,202,+,1
44,NA,NA,NA,experiment,rrv,2017-04-26T00:00:00Z,1,0,0,NA,202,+,1
45,NA,NA,NA,experiment,rrv,2017-04-26T00:00:00Z,1,0,0,NA,202,+,1
46,NA,NA,NA,experiment,rrv,2017-04-26T00:00:00Z,1,0,0,NA,202,+,1
47,NA,NA,NA,experiment,rrv,2017-04-26T00:00:00Z,1,0,0,NA,202,+,1
48,NA,NA,NA,experiment,rrv,2017-04-26T00:00:00Z,1,0,0,NA,202,+,1
49,NA,NA,NA,experiment,rrv,2017-04-26T00:00:00Z,1,0,0,NA,202,+,1
50,NA,NA,NA,experiment,rrv,2017-04-26T00:00:00Z,1,0,0,NA,202,+,1
51,NA,NA,NA,control,rrv,2017-04-26T00:00:00Z,0,1,0,NA,202,+,-1
52,NA,NA,NA,control,rrv,2017-04-26T00:00:00Z,0,1,0,NA,202,+,-1
53,NA,NA,NA,control,rrv,2017-04-26T00:00:00Z,0,1,0,NA,202,+,-1
54,NA,NA,NA,control,rrv,2017-04-26T00:00:00Z,0,1,0,NA,202,+,-1
55,NA,NA,NA,control,rrv,2017-04-26T00:00:00Z,0,1,0,NA,202,+,-1
56,NA,NA,NA,control,rrv,2017-04-26T00:00:00Z,0,1,0,NA,202,+,-1
57,NA,NA,NA,no choice,rrv,2017-04-26T00:00:00Z,0,0,1,NA,202,+,0
58,NA,NA,NA,no choice,rrv,2017-04-26T00:00:00Z,0,0,1,NA,202,+,0
59,NA,NA,NA,no choice,rrv,2017-04-26T00:00:00Z,0,0,1,NA,202,+,0
60,NA,NA,NA,no choice,rrv,2017-04-26T00:00:00Z,0,0,1,NA,202,+,0
61,NA,NA,NA,experiment,rrv,2017-04-27T00:00:00Z,1,0,0,NA,202,+,1
62,NA,NA,NA,experiment,rrv,2017-04-27T00:00:00Z,1,0,0,NA,202,+,1
63,NA,NA,NA,experiment,rrv,2017-04-27T00:00:00Z,1,0,0,NA,202,+,1
64,NA,NA,NA,experiment,rrv,2017-04-27T00:00:00Z,1,0,0,NA,202,+,1
65,NA,NA,NA,experiment,rrv,2017-04-27T00:00:00Z,1,0,0,NA,202,+,1
66,NA,NA,NA,experiment,rrv,2017-04-27T00:00:00Z,1,0,0,NA,202,+,1
67,NA,NA,NA,experiment,rrv,2017-04-27T00:00:00Z,1,0,0,NA,202,+,1
68,NA,NA,NA,experiment,rrv,2017-04-27T00:00:00Z,1,0,0,NA,202,+,1
69,NA,NA,NA,experiment,rrv,2017-04-27T00:00:00Z,1,0,0,NA,202,+,1
70,NA,NA,NA,experiment,rrv,2017-04-27T00:00:00Z,1,0,0,NA,202,+,1
71,NA,NA,NA,experiment,rrv,2017-04-27T00:00:00Z,1,0,0,NA,202,+,1
72,NA,NA,NA,experiment,rrv,2017-04-27T00:00:00Z,1,0,0,NA,202,+,1
73,NA,NA,NA,experiment,rrv,2017-04-27T00:00:00Z,1,0,0,NA,202,+,1
74,NA,NA,NA,control,rrv,2017-04-27T00:00:00Z,0,1,0,NA,202,+,-1
75,NA,NA,NA,control,rrv,2017-04-27T00:00:00Z,0,1,0,NA,202,+,-1
76,NA,NA,NA,control,rrv,2017-04-27T00:00:00Z,0,1,0,NA,202,+,-1
77,NA,NA,NA,control,rrv,2017-04-27T00:00:00Z,0,1,0,NA,202,+,-1
78,NA,NA,NA,control,rrv,2017-04-27T00:00:00Z,0,1,0,NA,202,+,-1
79,NA,NA,NA,no choice,rrv,2017-04-27T00:00:00Z,0,0,1,NA,202,+,0
80,NA,NA,NA,no choice,rrv,2017-04-27T00:00:00Z,0,0,1,NA,202,+,0
81,NA,NA,NA,experiment,rrv,2017-05-12T00:00:00Z,1,0,0,NA,303,+,1
82,NA,NA,NA,experiment,rrv,2017-05-12T00:00:00Z,1,0,0,NA,303,+,1
83,NA,NA,NA,experiment,rrv,2017-05-12T00:00:00Z,1,0,0,NA,303,+,1
84,NA,NA,NA,experiment,rrv,2017-05-12T00:00:00Z,1,0,0,NA,303,+,1
85,NA,NA,NA,experiment,rrv,2017-05-12T00:00:00Z,1,0,0,NA,303,+,1
86,NA,NA,NA,experiment,rrv,2017-05-12T00:00:00Z,1,0,0,NA,303,+,1
87,NA,NA,NA,experiment,rrv,2017-05-12T00:00:00Z,1,0,0,NA,303,+,1
88,NA,NA,NA,experiment,rrv,2017-05-12T00:00:00Z,1,0,0,NA,303,+,1
89,NA,NA,NA,experiment,rrv,2017-05-12T00:00:00Z,1,0,0,NA,303,+,1
90,NA,NA,NA,experiment,rrv,2017-05-12T00:00:00Z,1,0,0,NA,303,+,1
91,NA,NA,NA,experiment,rrv,2017-05-12T00:00:00Z,1,0,0,NA,303,+,1
92,NA,NA,NA,control,rrv,2017-05-12T00:00:00Z,0,1,0,NA,303,+,-1
93,NA,NA,NA,control,rrv,2017-05-12T00:00:00Z,0,1,0,NA,303,+,-1
94,NA,NA,NA,control,rrv,2017-05-12T00:00:00Z,0,1,0,NA,303,+,-1
95,NA,NA,NA,control,rrv,2017-05-12T00:00:00Z,0,1,0,NA,303,+,-1
96,NA,NA,NA,control,rrv,2017-05-12T00:00:00Z,0,1,0,NA,303,+,-1
97,NA,NA,NA,no choice,rrv,2017-05-12T00:00:00Z,0,0,1,NA,303,+,0
98,NA,NA,NA,no choice,rrv,2017-05-12T00:00:00Z,0,0,1,NA,303,+,0
99,NA,NA,NA,no choice,rrv,2017-05-12T00:00:00Z,0,0,1,NA,303,+,0
100,NA,NA,NA,no choice,rrv,2017-05-12T00:00:00Z,0,0,1,NA,303,+,0
101,NA,NA,NA,experiment,rrv,2017-05-17T00:00:00Z,1,0,0,NA,303,+,1
102,NA,NA,NA,experiment,rrv,2017-05-17T00:00:00Z,1,0,0,NA,303,+,1
103,NA,NA,NA,experiment,rrv,2017-05-17T00:00:00Z,1,0,0,NA,303,+,1
104,NA,NA,NA,experiment,rrv,2017-05-17T00:00:00Z,1,0,0,NA,303,+,1
105,NA,NA,NA,experiment,rrv,2017-05-17T00:00:00Z,1,0,0,NA,404,+,1
106,NA,NA,NA,experiment,rrv,2017-05-17T00:00:00Z,1,0,0,NA,404,+,1
107,NA,NA,NA,experiment,rrv,2017-05-17T00:00:00Z,1,0,0,NA,404,+,1
108,NA,NA,NA,experiment,rrv,2017-05-17T00:00:00Z,1,0,0,NA,404,+,1
109,NA,NA,NA,experiment,rrv,2017-05-17T00:00:00Z,1,0,0,NA,404,+,1
110,NA,NA,NA,experiment,rrv,2017-05-17T00:00:00Z,1,0,0,NA,404,+,1
111,NA,NA,NA,experiment,rrv,2017-05-17T00:00:00Z,1,0,0,NA,404,+,1
112,NA,NA,NA,experiment,rrv,2017-05-17T00:00:00Z,1,0,0,NA,404,+,1
113,NA,NA,NA,experiment,rrv,2017-05-17T00:00:00Z,1,0,0,NA,404,+,1
114,NA,NA,NA,control,rrv,2017-05-17T00:00:00Z,0,1,0,NA,404,+,-1
115,NA,NA,NA,control,rrv,2017-05-17T00:00:00Z,0,1,0,NA,404,+,-1
116,NA,NA,NA,control,rrv,2017-05-17T00:00:00Z,0,1,0,NA,404,+,-1
117,NA,NA,NA,control,rrv,2017-05-17T00:00:00Z,0,1,0,NA,404,+,-1
118,NA,NA,NA,control,rrv,2017-05-17T00:00:00Z,0,1,0,NA,404,+,-1
119,NA,NA,NA,no choice,rrv,2017-05-17T00:00:00Z,0,0,1,NA,404,+,0
120,NA,NA,NA,no choice,rrv,2017-05-17T00:00:00Z,0,0,1,NA,404,+,0
121,85,control,experiment,experiment,limonene,2019-10-01T00:00:00Z,NA,NA,NA,1 g/L D-L limonene,NA,NA,1
122,300,control,experiment,no choice,limonene,2019-10-01T00:00:00Z,NA,NA,NA,1 g/L D-L limonene,NA,NA,0
123,62,control,experiment,experiment,limonene,2019-10-08T00:00:00Z,NA,NA,NA,1 g/L D-L limonene,NA,NA,1
124,57,control,experiment,control,limonene,2019-10-08T00:00:00Z,NA,NA,NA,1 g/L D-L limonene,NA,NA,-1
125,96,control,experiment,experiment,limonene,2019-10-08T00:00:00Z,NA,NA,NA,1 g/L D-L limonene,NA,NA,1
126,107,experiment,control,experiment,limonene,2019-10-08T00:00:00Z,NA,NA,NA,1 g/L D-L limonene,NA,NA,1
127,168,experiment,control,experiment,limonene,2019-10-08T00:00:00Z,NA,NA,NA,1 g/L D-L limonene,NA,NA,1
128,227,experiment,control,control,limonene,2019-10-10T00:00:00Z,NA,NA,NA,1 g/L D-L limonene,NA,NA,-1
129,282,experiment,control,experiment,limonene,2019-10-18T00:00:00Z,NA,NA,NA,1 g/L D-L limonene,NA,NA,1
130,76,experiment,control,control,limonene,2019-10-18T00:00:00Z,NA,NA,NA,1 g/L D-L limonene,NA,NA,-1
131,80,control,experiment,control,limonene,2019-10-18T00:00:00Z,NA,NA,NA,1 g/L D-L limonene,NA,NA,-1
132,29,control,experiment,control,limonene,2019-10-18T00:00:00Z,NA,NA,NA,1 g/L D-L limonene,NA,NA,-1
133,258,control,experiment,experiment,limonene,2019-10-18T00:00:00Z,NA,NA,NA,1 g/L D-L limonene,NA,NA,1
134,48,control,experiment,experiment,limonene,2019-10-18T00:00:00Z,NA,NA,NA,1 g/L D-L limonene,NA,NA,1
135,77,control,experiment,experiment,limonene,2019-10-18T00:00:00Z,NA,NA,NA,1 g/L D-L limonene,NA,NA,1
136,61,experiment,control,control,limonene,2019-10-18T00:00:00Z,NA,NA,NA,1 g/L D-L limonene,NA,NA,-1
137,36,experiment,control,experiment,limonene,2019-10-18T00:00:00Z,NA,NA,NA,1 g/L D-L limonene,NA,NA,1
138,80,experiment,control,experiment,limonene,2019-10-18T00:00:00Z,NA,NA,NA,1 g/L D-L limonene,NA,NA,1
139,125,experiment,control,control,limonene,2019-10-18T00:00:00Z,NA,NA,NA,1 g/L D-L limonene,NA,NA,-1
140,84,experiment,control,experiment,limonene,2019-10-18T00:00:00Z,NA,NA,NA,1 g/L D-L limonene,NA,NA,1
141,122,control,experiment,experiment,limonene,2019-10-22T00:00:00Z,NA,NA,NA,1 g/L D-L limonene,NA,NA,1
142,56,control,experiment,control,limonene,2019-10-22T00:00:00Z,NA,NA,NA,1 g/L D-L limonene,NA,NA,-1
143,194,control,experiment,control,limonene,2019-10-22T00:00:00Z,NA,NA,NA,1 g/L D-L limonene,NA,NA,-1
144,111,control,experiment,experiment,limonene,2019-10-22T00:00:00Z,NA,NA,NA,1 g/L D-L limonene,NA,NA,1
145,73,control,experiment,experiment,limonene,2019-10-22T00:00:00Z,NA,NA,NA,1 g/L D-L limonene,NA,NA,1
146,263,experiment,control,control,limonene,2019-10-22T00:00:00Z,NA,NA,NA,1 g/L D-L limonene,NA,NA,-1
147,59,experiment,control,control,limonene,2019-10-22T00:00:00Z,NA,NA,NA,1 g/L D-L limonene,NA,NA,-1
148,74,experiment,control,experiment,limonene,2019-10-22T00:00:00Z,NA,NA,NA,1 g/L D-L limonene,NA,NA,1
149,133,control,experiment,experiment,limonene,2019-10-22T00:00:00Z,NA,NA,NA,1 g/L D-L limonene,NA,NA,1
150,258,control,experiment,experiment,limonene,2019-10-22T00:00:00Z,NA,NA,NA,1 g/L D-L limonene,NA,NA,1
151,224,control,experiment,control,limonene,2019-10-22T00:00:00Z,NA,NA,NA,1 g/L D-L limonene,NA,NA,-1
152,120,control,experiment,control,limonene,2019-10-22T00:00:00Z,NA,NA,NA,1 g/L D-L limonene,NA,NA,-1
153,96,control,experiment,experiment,limonene,2019-10-22T00:00:00Z,NA,NA,NA,1 g/L D-L limonene,NA,NA,1
154,106,experiment,control,control,limonene,2019-10-22T00:00:00Z,NA,NA,NA,1 g/L D-L limonene,NA,NA,-1
155,54,experiment,control,experiment,limonene,2019-10-22T00:00:00Z,NA,NA,NA,1 g/L D-L limonene,NA,NA,1
156,236,experiment,control,control,limonene,2019-10-22T00:00:00Z,NA,NA,NA,1 g/L D-L limonene,NA,NA,-1
157,128,experiment,control,experiment,limonene,2019-10-22T00:00:00Z,NA,NA,NA,1 g/L D-L limonene,NA,NA,1
158,300,experiment,control,no choice,limonene,2019-10-22T00:00:00Z,NA,NA,NA,1 g/L D-L limonene,NA,NA,0
159,37,control,experiment,control,limonene,2019-10-22T00:00:00Z,NA,NA,NA,1 g/L D-L limonene,NA,NA,-1
160,213,control,experiment,experiment,limonene,2019-10-22T00:00:00Z,NA,NA,NA,1 g/L D-L limonene,NA,NA,1
161,98,control,experiment,control,rose,2019-06-19T00:00:00Z,NA,NA,NA,NA,5,-,-1
162,300,control,experiment,no choice,rose,2019-06-19T00:00:00Z,NA,NA,NA,NA,5,-,0
163,121,control,experiment,control,rose,2019-06-19T00:00:00Z,NA,NA,NA,NA,5,-,-1
164,47,control,experiment,experiment,rose,2019-06-19T00:00:00Z,NA,NA,NA,NA,5,-,1
165,41,control,experiment,control,rose,2019-06-19T00:00:00Z,NA,NA,NA,NA,5,-,-1
166,52,experiment,control,experiment,rose,2019-06-19T00:00:00Z,NA,NA,NA,NA,5,-,1
167,46,experiment,control,control,rose,2019-06-19T00:00:00Z,NA,NA,NA,NA,5,-,-1
168,37,experiment,control,experiment,rose,2019-06-19T00:00:00Z,NA,NA,NA,NA,5,-,1
169,84,experiment,control,control,rose,2019-06-19T00:00:00Z,NA,NA,NA,NA,5,-,-1
170,28,experiment,control,experiment,rose,2019-06-19T00:00:00Z,NA,NA,NA,NA,5,-,1
171,27,control,experiment,experiment,rose,2019-06-19T00:00:00Z,NA,NA,NA,NA,5,-,1
172,35,control,experiment,experiment,rose,2019-06-19T00:00:00Z,NA,NA,NA,NA,5,-,1
173,179,control,experiment,experiment,rose,2019-06-19T00:00:00Z,NA,NA,NA,NA,5,-,1
174,300,control,experiment,no choice,rose,2019-06-19T00:00:00Z,NA,NA,NA,NA,5,-,0
175,49,control,experiment,control,rose,2019-06-19T00:00:00Z,NA,NA,NA,NA,5,-,-1
176,67,experiment,control,experiment,rose,2019-06-19T00:00:00Z,NA,NA,NA,NA,5,-,1
177,32,experiment,control,experiment,rose,2019-06-19T00:00:00Z,NA,NA,NA,NA,5,-,1
178,32,experiment,control,control,rose,2019-06-19T00:00:00Z,NA,NA,NA,NA,5,-,-1
179,30,experiment,control,experiment,rose,2019-06-19T00:00:00Z,NA,NA,NA,NA,5,-,1
180,25,experiment,control,control,rose,2019-06-19T00:00:00Z,NA,NA,NA,NA,5,-,-1
181,34,control,experiment,experiment,rose,2019-06-19T00:00:00Z,NA,NA,NA,NA,5,-,1
182,28,control,experiment,control,rose,2019-06-19T00:00:00Z,NA,NA,NA,NA,5,-,-1
183,279,control,experiment,control,rose,2019-06-19T00:00:00Z,NA,NA,NA,NA,5,-,-1
184,46,control,experiment,experiment,rose,2019-06-19T00:00:00Z,NA,NA,NA,NA,5,-,1
185,53,control,experiment,experiment,rose,2019-06-19T00:00:00Z,NA,NA,NA,NA,5,-,1
186,84,experiment,control,control,rose,2019-06-19T00:00:00Z,NA,NA,NA,NA,5,-,-1
187,118,experiment,control,control,rose,2019-06-19T00:00:00Z,NA,NA,NA,NA,5,-,-1
188,300,experiment,control,no choice,rose,2019-06-19T00:00:00Z,NA,NA,NA,NA,5,-,0
189,64,experiment,control,experiment,rose,2019-06-19T00:00:00Z,NA,NA,NA,NA,5,-,1
190,300,experiment,control,no choice,rose,2019-06-19T00:00:00Z,NA,NA,NA,NA,5,-,0
191,34,control,experiment,experiment,rose,2019-06-19T00:00:00Z,NA,NA,NA,NA,5,-,1
192,62,control,experiment,experiment,rose,2019-06-19T00:00:00Z,NA,NA,NA,NA,5,-,1
193,64,control,experiment,experiment,rose,2019-06-19T00:00:00Z,NA,NA,NA,NA,5,-,1
194,73,control,experiment,control,rose,2019-06-19T00:00:00Z,NA,NA,NA,NA,5,-,-1
195,300,control,experiment,no choice,rose,2019-06-19T00:00:00Z,NA,NA,NA,NA,5,-,0
196,87,experiment,control,experiment,rose,2019-06-19T00:00:00Z,NA,NA,NA,NA,5,-,1
197,80,experiment,control,control,rose,2019-06-19T00:00:00Z,NA,NA,NA,NA,5,-,-1
198,72,experiment,control,control,rose,2019-06-19T00:00:00Z,NA,NA,NA,NA,5,-,-1
199,40,experiment,control,experiment,rose,2019-06-19T00:00:00Z,NA,NA,NA,NA,5,-,1
200,32,experiment,control,control,rose,2019-06-19T00:00:00Z,NA,NA,NA,NA,5,-,-1
201,38,control,experiment,control,rose,2019-06-20T00:00:00Z,NA,NA,NA,NA,12,-,-1
202,300,control,experiment,no choice,rose,2019-06-20T00:00:00Z,NA,NA,NA,NA,12,-,0
203,106,control,experiment,control,rose,2019-06-20T00:00:00Z,NA,NA,NA,NA,12,-,-1
204,70,control,experiment,control,rose,2019-06-20T00:00:00Z,NA,NA,NA,NA,12,-,-1
205,117,control,experiment,control,rose,2019-06-20T00:00:00Z,NA,NA,NA,NA,12,-,-1
206,40,experiment,control,experiment,rose,2019-06-20T00:00:00Z,NA,NA,NA,NA,12,-,1
207,27,experiment,control,experiment,rose,2019-06-20T00:00:00Z,NA,NA,NA,NA,12,-,1
208,168,experiment,control,control,rose,2019-06-20T00:00:00Z,NA,NA,NA,NA,12,-,-1
209,68,experiment,control,experiment,rose,2019-06-20T00:00:00Z,NA,NA,NA,NA,12,-,1
210,216,experiment,control,experiment,rose,2019-06-20T00:00:00Z,NA,NA,NA,NA,12,-,1
211,300,control,experiment,no choice,rose,2019-06-20T00:00:00Z,NA,NA,NA,NA,12,-,0
212,31,control,experiment,experiment,rose,2019-06-20T00:00:00Z,NA,NA,NA,NA,12,-,1
213,27,control,experiment,control,rose,2019-06-20T00:00:00Z,NA,NA,NA,NA,12,-,-1
214,118,control,experiment,control,rose,2019-06-20T00:00:00Z,NA,NA,NA,NA,12,-,-1
215,160,control,experiment,control,rose,2019-06-20T00:00:00Z,NA,NA,NA,NA,12,-,-1
216,197,experiment,control,control,rose,2019-06-20T00:00:00Z,NA,NA,NA,NA,12,-,-1
217,126,experiment,control,experiment,rose,2019-06-20T00:00:00Z,NA,NA,NA,NA,12,-,1
218,300,experiment,control,no choice,rose,2019-06-20T00:00:00Z,NA,NA,NA,NA,12,-,0
219,205,experiment,control,experiment,rose,2019-06-20T00:00:00Z,NA,NA,NA,NA,12,-,1
220,147,experiment,control,control,rose,2019-06-20T00:00:00Z,NA,NA,NA,NA,12,-,-1
221,300,control,experiment,no choice,rose,2019-06-20T00:00:00Z,NA,NA,NA,NA,12,-,0
222,32,control,experiment,experiment,rose,2019-06-20T00:00:00Z,NA,NA,NA,NA,12,-,1
223,52,control,experiment,control,rose,2019-06-20T00:00:00Z,NA,NA,NA,NA,12,-,-1
224,47,control,experiment,control,rose,2019-06-20T00:00:00Z,NA,NA,NA,NA,12,-,-1
225,35,control,experiment,control,rose,2019-06-20T00:00:00Z,NA,NA,NA,NA,12,-,-1
226,48,experiment,control,control,rose,2019-06-20T00:00:00Z,NA,NA,NA,NA,12,-,-1
227,300,experiment,control,no choice,rose,2019-06-20T00:00:00Z,NA,NA,NA,NA,12,-,0
228,51,experiment,control,control,rose,2019-06-20T00:00:00Z,NA,NA,NA,NA,12,-,-1
229,300,experiment,control,no choice,rose,2019-06-20T00:00:00Z,NA,NA,NA,NA,12,-,0
230,300,experiment,control,no choice,rose,2019-06-20T00:00:00Z,NA,NA,NA,NA,12,-,0
231,24,control,experiment,experiment,rose,2019-06-20T00:00:00Z,NA,NA,NA,NA,12,-,1
232,106,control,experiment,control,rose,2019-06-20T00:00:00Z,NA,NA,NA,NA,12,-,-1
233,300,control,experiment,no choice,rose,2019-06-20T00:00:00Z,NA,NA,NA,NA,12,-,0
234,23,control,experiment,control,rose,2019-06-20T00:00:00Z,NA,NA,NA,NA,12,-,-1
235,26,control,experiment,experiment,rose,2019-06-20T00:00:00Z,NA,NA,NA,NA,12,-,1
236,73,experiment,control,control,rose,2019-06-20T00:00:00Z,NA,NA,NA,NA,12,-,-1
237,29,experiment,control,control,rose,2019-06-20T00:00:00Z,NA,NA,NA,NA,12,-,-1
238,83,experiment,control,experiment,rose,2019-06-20T00:00:00Z,NA,NA,NA,NA,12,-,1
239,32,experiment,control,control,rose,2019-06-20T00:00:00Z,NA,NA,NA,NA,12,-,-1
240,109,experiment,control,control,rose,2019-06-20T00:00:00Z,NA,NA,NA,NA,12,-,-1
241,163,control,experiment,control,rose,2019-06-25T00:00:00Z,NA,NA,NA,NA,11,-,-1
242,29,control,experiment,experiment,rose,2019-06-25T00:00:00Z,NA,NA,NA,NA,11,-,1
243,59,control,experiment,experiment,rose,2019-06-25T00:00:00Z,NA,NA,NA,NA,11,-,1
244,43,control,experiment,experiment,rose,2019-06-25T00:00:00Z,NA,NA,NA,NA,11,-,1
245,91,control,experiment,experiment,rose,2019-06-25T00:00:00Z,NA,NA,NA,NA,11,-,1
246,34,experiment,control,control,rose,2019-06-25T00:00:00Z,NA,NA,NA,NA,11,-,-1
247,143,experiment,control,experiment,rose,2019-06-25T00:00:00Z,NA,NA,NA,NA,11,-,1
248,180,experiment,control,experiment,rose,2019-06-25T00:00:00Z,NA,NA,NA,NA,11,-,1
249,35,experiment,control,experiment,rose,2019-06-25T00:00:00Z,NA,NA,NA,NA,11,-,1
250,46,experiment,control,experiment,rose,2019-06-25T00:00:00Z,NA,NA,NA,NA,11,-,1
251,62,control,experiment,control,rose,2019-06-25T00:00:00Z,NA,NA,NA,NA,11,-,-1
252,46,control,experiment,experiment,rose,2019-06-25T00:00:00Z,NA,NA,NA,NA,11,-,1
253,39,control,experiment,control,rose,2019-06-25T00:00:00Z,NA,NA,NA,NA,11,-,-1
254,38,control,experiment,control,rose,2019-06-25T00:00:00Z,NA,NA,NA,NA,11,-,-1
255,300,control,experiment,no choice,rose,2019-06-25T00:00:00Z,NA,NA,NA,NA,11,-,0
256,41,experiment,control,control,rose,2019-06-25T00:00:00Z,NA,NA,NA,NA,11,-,-1
257,300,experiment,control,no choice,rose,2019-06-25T00:00:00Z,NA,NA,NA,NA,11,-,0
258,151,experiment,control,experiment,rose,2019-06-25T00:00:00Z,NA,NA,NA,NA,11,-,1
259,300,experiment,control,no choice,rose,2019-06-25T00:00:00Z,NA,NA,NA,NA,11,-,0
260,33,experiment,control,control,rose,2019-06-25T00:00:00Z,NA,NA,NA,NA,11,-,-1
261,167,control,experiment,experiment,rose,2019-06-25T00:00:00Z,NA,NA,NA,NA,11,-,1
262,300,control,experiment,no choice,rose,2019-06-25T00:00:00Z,NA,NA,NA,NA,11,-,0
263,61,control,experiment,experiment,rose,2019-06-25T00:00:00Z,NA,NA,NA,NA,11,-,1
264,48,control,experiment,experiment,rose,2019-06-25T00:00:00Z,NA,NA,NA,NA,11,-,1
265,35,control,experiment,control,rose,2019-06-25T00:00:00Z,NA,NA,NA,NA,11,-,-1
266,89,experiment,control,experiment,rose,2019-06-25T00:00:00Z,NA,NA,NA,NA,11,-,1
267,46,experiment,control,experiment,rose,2019-06-25T00:00:00Z,NA,NA,NA,NA,11,-,1
268,34,experiment,control,experiment,rose,2019-06-25T00:00:00Z,NA,NA,NA,NA,11,-,1
269,28,experiment,control,control,rose,2019-06-25T00:00:00Z,NA,NA,NA,NA,11,-,-1
270,46,experiment,control,control,rose,2019-06-25T00:00:00Z,NA,NA,NA,NA,11,-,-1
271,263,control,experiment,experiment,rose,2019-06-25T00:00:00Z,NA,NA,NA,NA,11,-,1
272,33,control,experiment,experiment,rose,2019-06-25T00:00:00Z,NA,NA,NA,NA,11,-,1
273,74,control,experiment,control,rose,2019-06-25T00:00:00Z,NA,NA,NA,NA,11,-,-1
274,131,control,experiment,control,rose,2019-06-25T00:00:00Z,NA,NA,NA,NA,11,-,-1
275,50,control,experiment,experiment,rose,2019-06-25T00:00:00Z,NA,NA,NA,NA,11,-,1
276,300,experiment,control,no choice,rose,2019-06-25T00:00:00Z,NA,NA,NA,NA,11,-,0
277,45,experiment,control,experiment,rose,2019-06-25T00:00:00Z,NA,NA,NA,NA,11,-,1
278,32,experiment,control,experiment,rose,2019-06-25T00:00:00Z,NA,NA,NA,NA,11,-,1
279,56,experiment,control,control,rose,2019-06-25T00:00:00Z,NA,NA,NA,NA,11,-,-1
280,69,experiment,control,control,rose,2019-06-25T00:00:00Z,NA,NA,NA,NA,11,-,-1
281,185,control,experiment,experiment,rose,2019-06-26T00:00:00Z,NA,NA,NA,NA,13,-,1
282,36,control,experiment,experiment,rose,2019-06-26T00:00:00Z,NA,NA,NA,NA,13,-,1
283,272,control,experiment,experiment,rose,2019-06-26T00:00:00Z,NA,NA,NA,NA,13,-,1
284,182,control,experiment,control,rose,2019-06-26T00:00:00Z,NA,NA,NA,NA,13,-,-1
285,54,control,experiment,control,rose,2019-06-26T00:00:00Z,NA,NA,NA,NA,13,-,-1
286,152,experiment,control,experiment,rose,2019-06-26T00:00:00Z,NA,NA,NA,NA,13,-,1
287,300,experiment,control,no choice,rose,2019-06-26T00:00:00Z,NA,NA,NA,NA,13,-,0
288,48,experiment,control,control,rose,2019-06-26T00:00:00Z,NA,NA,NA,NA,13,-,-1
289,47,experiment,control,control,rose,2019-06-26T00:00:00Z,NA,NA,NA,NA,13,-,-1
290,30,experiment,control,experiment,rose,2019-06-26T00:00:00Z,NA,NA,NA,NA,13,-,1
291,32,control,experiment,control,rose,2019-06-26T00:00:00Z,NA,NA,NA,NA,13,-,-1
292,41,control,experiment,experiment,rose,2019-06-26T00:00:00Z,NA,NA,NA,NA,13,-,1
293,49,control,experiment,experiment,rose,2019-06-26T00:00:00Z,NA,NA,NA,NA,13,-,1
294,36,control,experiment,experiment,rose,2019-06-26T00:00:00Z,NA,NA,NA,NA,13,-,1
295,211,control,experiment,experiment,rose,2019-06-26T00:00:00Z,NA,NA,NA,NA,13,-,1
296,37,experiment,control,control,rose,2019-06-26T00:00:00Z,NA,NA,NA,NA,13,-,-1
297,212,experiment,control,experiment,rose,2019-06-26T00:00:00Z,NA,NA,NA,NA,13,-,1
298,29,experiment,control,experiment,rose,2019-06-26T00:00:00Z,NA,NA,NA,NA,13,-,1
299,135,experiment,control,experiment,rose,2019-06-26T00:00:00Z,NA,NA,NA,NA,13,-,1
300,57,experiment,control,experiment,rose,2019-06-26T00:00:00Z,NA,NA,NA,NA,13,-,1
301,211,control,experiment,experiment,rose,2019-06-26T00:00:00Z,NA,NA,NA,NA,13,-,1
302,300,control,experiment,no choice,rose,2019-06-26T00:00:00Z,NA,NA,NA,NA,13,-,0
303,30,control,experiment,experiment,rose,2019-06-26T00:00:00Z,NA,NA,NA,NA,13,-,1
304,60,control,experiment,control,rose,2019-06-26T00:00:00Z,NA,NA,NA,NA,13,-,-1
305,299,control,experiment,experiment,rose,2019-06-26T00:00:00Z,NA,NA,NA,NA,13,-,1
306,56,experiment,control,control,rose,2019-06-26T00:00:00Z,NA,NA,NA,NA,13,-,-1
307,148,experiment,control,experiment,rose,2019-06-26T00:00:00Z,NA,NA,NA,NA,13,-,1
308,135,experiment,control,experiment,rose,2019-06-26T00:00:00Z,NA,NA,NA,NA,13,-,1
309,122,experiment,control,experiment,rose,2019-06-26T00:00:00Z,NA,NA,NA,NA,13,-,1
310,235,experiment,control,experiment,rose,2019-06-26T00:00:00Z,NA,NA,NA,NA,13,-,1
311,91,control,experiment,experiment,rose,2019-06-26T00:00:00Z,NA,NA,NA,NA,13,-,1
312,80,control,experiment,control,rose,2019-06-26T00:00:00Z,NA,NA,NA,NA,13,-,-1
313,300,control,experiment,no choice,rose,2019-06-26T00:00:00Z,NA,NA,NA,NA,13,-,0
314,58,control,experiment,experiment,rose,2019-06-26T00:00:00Z,NA,NA,NA,NA,13,-,1
315,300,control,experiment,no choice,rose,2019-06-26T00:00:00Z,NA,NA,NA,NA,13,-,0
316,75,experiment,control,control,rose,2019-06-26T00:00:00Z,NA,NA,NA,NA,13,-,-1
317,28,experiment,control,control,rose,2019-06-26T00:00:00Z,NA,NA,NA,NA,13,-,-1
318,36,experiment,control,control,rose,2019-06-26T00:00:00Z,NA,NA,NA,NA,13,-,-1
319,44,experiment,control,experiment,rose,2019-06-26T00:00:00Z,NA,NA,NA,NA,13,-,1
320,52,experiment,control,experiment,rose,2019-06-26T00:00:00Z,NA,NA,NA,NA,13,-,1
321,142,control,experiment,experiment,rose,2019-06-27T00:00:00Z,NA,NA,NA,NA,8,-,1
322,300,control,experiment,no choice,rose,2019-06-27T00:00:00Z,NA,NA,NA,NA,8,-,0
323,37,control,experiment,control,rose,2019-06-27T00:00:00Z,NA,NA,NA,NA,8,-,-1
324,47,control,experiment,control,rose,2019-06-27T00:00:00Z,NA,NA,NA,NA,8,-,-1
325,19,control,experiment,experiment,rose,2019-06-27T00:00:00Z,NA,NA,NA,NA,8,-,1
326,39,experiment,control,control,rose,2019-06-27T00:00:00Z,NA,NA,NA,NA,8,-,-1
327,119,experiment,control,control,rose,2019-06-27T00:00:00Z,NA,NA,NA,NA,8,-,-1
328,24,experiment,control,experiment,rose,2019-06-27T00:00:00Z,NA,NA,NA,NA,8,-,1
329,64,experiment,control,experiment,rose,2019-06-27T00:00:00Z,NA,NA,NA,NA,8,-,1
330,43,experiment,control,control,rose,2019-06-27T00:00:00Z,NA,NA,NA,NA,8,-,-1
331,44,control,experiment,experiment,rose,2019-06-27T00:00:00Z,NA,NA,NA,NA,8,-,1
332,22,control,experiment,control,rose,2019-06-27T00:00:00Z,NA,NA,NA,NA,8,-,-1
333,32,control,experiment,control,rose,2019-06-27T00:00:00Z,NA,NA,NA,NA,8,-,-1
334,30,control,experiment,experiment,rose,2019-06-27T00:00:00Z,NA,NA,NA,NA,8,-,1
335,32,control,experiment,experiment,rose,2019-06-27T00:00:00Z,NA,NA,NA,NA,8,-,1
336,300,experiment,control,no choice,rose,2019-06-27T00:00:00Z,NA,NA,NA,NA,8,-,0
337,25,experiment,control,control,rose,2019-06-27T00:00:00Z,NA,NA,NA,NA,8,-,-1
338,40,experiment,control,control,rose,2019-06-27T00:00:00Z,NA,NA,NA,NA,8,-,-1
339,83,experiment,control,experiment,rose,2019-06-27T00:00:00Z,NA,NA,NA,NA,8,-,1
340,40,experiment,control,experiment,rose,2019-06-27T00:00:00Z,NA,NA,NA,NA,8,-,1
341,126,control,experiment,control,rose,2019-06-27T00:00:00Z,NA,NA,NA,NA,8,-,-1
342,173,control,experiment,control,rose,2019-06-27T00:00:00Z,NA,NA,NA,NA,8,-,-1
343,300,control,experiment,no choice,rose,2019-06-27T00:00:00Z,NA,NA,NA,NA,8,-,0
344,124,control,experiment,control,rose,2019-06-27T00:00:00Z,NA,NA,NA,NA,8,-,-1
345,300,control,experiment,no choice,rose,2019-06-27T00:00:00Z,NA,NA,NA,NA,8,-,0
346,58,experiment,control,control,rose,2019-06-27T00:00:00Z,NA,NA,NA,NA,8,-,-1
347,33,experiment,control,experiment,rose,2019-06-27T00:00:00Z,NA,NA,NA,NA,8,-,1
348,300,experiment,control,no choice,rose,2019-06-27T00:00:00Z,NA,NA,NA,NA,8,-,0
349,25,experiment,control,experiment,rose,2019-06-27T00:00:00Z,NA,NA,NA,NA,8,-,1
350,43,experiment,control,control,rose,2019-06-27T00:00:00Z,NA,NA,NA,NA,8,-,-1
351,23,control,experiment,experiment,rose,2019-06-27T00:00:00Z,NA,NA,NA,NA,8,-,1
352,31,control,experiment,experiment,rose,2019-06-27T00:00:00Z,NA,NA,NA,NA,8,-,1
353,117,control,experiment,control,rose,2019-06-27T00:00:00Z,NA,NA,NA,NA,8,-,-1
354,25,control,experiment,control,rose,2019-06-27T00:00:00Z,NA,NA,NA,NA,8,-,-1
355,300,control,experiment,no choice,rose,2019-06-27T00:00:00Z,NA,NA,NA,NA,8,-,0
356,186,experiment,control,experiment,rose,2019-06-27T00:00:00Z,NA,NA,NA,NA,8,-,1
357,115,experiment,control,control,rose,2019-06-27T00:00:00Z,NA,NA,NA,NA,8,-,-1
358,64,experiment,control,experiment,rose,2019-06-27T00:00:00Z,NA,NA,NA,NA,8,-,1
359,124,experiment,control,control,rose,2019-06-27T00:00:00Z,NA,NA,NA,NA,8,-,-1
360,300,experiment,control,no choice,rose,2019-06-27T00:00:00Z,NA,NA,NA,NA,8,-,0
361,101,experiment,control,control,MeSA,2019-06-12T00:00:00Z,NA,NA,NA,NA,NA,NA,-1
362,300,experiment,control,no choice,MeSA,2019-06-12T00:00:00Z,NA,NA,NA,NA,NA,NA,0
363,43,experiment,control,control,MeSA,2019-06-12T00:00:00Z,NA,NA,NA,NA,NA,NA,-1
364,300,experiment,control,no choice,MeSA,2019-06-12T00:00:00Z,NA,NA,NA,NA,NA,NA,0
365,300,experiment,control,no choice,MeSA,2019-06-12T00:00:00Z,NA,NA,NA,NA,NA,NA,0
366,51,control,experiment,control,MeSA,2019-06-12T00:00:00Z,NA,NA,NA,NA,NA,NA,-1
367,112,control,experiment,experiment,MeSA,2019-06-12T00:00:00Z,NA,NA,NA,NA,NA,NA,1
368,300,control,experiment,no choice,MeSA,2019-06-12T00:00:00Z,NA,NA,NA,NA,NA,NA,0
369,144,control,experiment,experiment,MeSA,2019-06-12T00:00:00Z,NA,NA,NA,NA,NA,NA,1
370,54,control,experiment,experiment,MeSA,2019-06-12T00:00:00Z,NA,NA,NA,NA,NA,NA,1
371,51,experiment,control,experiment,MeSA,2019-06-12T00:00:00Z,NA,NA,NA,NA,NA,NA,1
372,300,experiment,control,no choice,MeSA,2019-06-12T00:00:00Z,NA,NA,NA,NA,NA,NA,0
373,194,experiment,control,control,MeSA,2019-06-12T00:00:00Z,NA,NA,NA,NA,NA,NA,-1
374,141,experiment,control,experiment,MeSA,2019-06-12T00:00:00Z,NA,NA,NA,NA,NA,NA,1
375,50,experiment,control,control,MeSA,2019-06-12T00:00:00Z,NA,NA,NA,NA,NA,NA,-1
376,131,control,experiment,control,MeSA,2019-06-12T00:00:00Z,NA,NA,NA,NA,NA,NA,-1
377,29,control,experiment,experiment,MeSA,2019-06-12T00:00:00Z,NA,NA,NA,NA,NA,NA,1
378,56,control,experiment,experiment,MeSA,2019-06-12T00:00:00Z,NA,NA,NA,NA,NA,NA,1
379,300,control,experiment,no choice,MeSA,2019-06-12T00:00:00Z,NA,NA,NA,NA,NA,NA,0
380,47,control,experiment,experiment,MeSA,2019-06-12T00:00:00Z,NA,NA,NA,NA,NA,NA,1
381,85,experiment,control,experiment,MeSA,2019-06-13T00:00:00Z,NA,NA,NA,NA,NA,NA,1
382,247,experiment,control,experiment,MeSA,2019-06-13T00:00:00Z,NA,NA,NA,NA,NA,NA,1
383,254,experiment,control,control,MeSA,2019-06-13T00:00:00Z,NA,NA,NA,NA,NA,NA,-1
384,300,experiment,control,no choice,MeSA,2019-06-13T00:00:00Z,NA,NA,NA,NA,NA,NA,0
385,300,experiment,control,no choice,MeSA,2019-06-13T00:00:00Z,NA,NA,NA,NA,NA,NA,0
386,72,control,experiment,control,MeSA,2019-06-13T00:00:00Z,NA,NA,NA,NA,NA,NA,-1
387,300,control,experiment,no choice,MeSA,2019-06-13T00:00:00Z,NA,NA,NA,NA,NA,NA,0
388,40,control,experiment,experiment,MeSA,2019-06-13T00:00:00Z,NA,NA,NA,NA,NA,NA,1
389,300,control,experiment,no choice,MeSA,2019-06-13T00:00:00Z,NA,NA,NA,NA,NA,NA,0
390,50,control,experiment,experiment,MeSA,2019-06-13T00:00:00Z,NA,NA,NA,NA,NA,NA,1
391,222,experiment,control,control,MeSA,2019-06-13T00:00:00Z,NA,NA,NA,NA,NA,NA,-1
392,44,experiment,control,control,MeSA,2019-06-13T00:00:00Z,NA,NA,NA,NA,NA,NA,-1
393,38,experiment,control,experiment,MeSA,2019-06-13T00:00:00Z,NA,NA,NA,NA,NA,NA,1
394,139,experiment,control,control,MeSA,2019-06-13T00:00:00Z,NA,NA,NA,NA,NA,NA,-1
395,300,experiment,control,no choice,MeSA,2019-06-13T00:00:00Z,NA,NA,NA,NA,NA,NA,0
396,255,control,experiment,control,MeSA,2019-06-13T00:00:00Z,NA,NA,NA,NA,NA,NA,-1
397,300,control,experiment,no choice,MeSA,2019-06-13T00:00:00Z,NA,NA,NA,NA,NA,NA,0
398,180,control,experiment,control,MeSA,2019-06-13T00:00:00Z,NA,NA,NA,NA,NA,NA,-1
399,249,control,experiment,control,MeSA,2019-06-13T00:00:00Z,NA,NA,NA,NA,NA,NA,-1
400,97,control,experiment,control,MeSA,2019-06-13T00:00:00Z,NA,NA,NA,NA,NA,NA,-1
401,300,experiment,control,no choice,MeSA,2019-06-13T00:00:00Z,NA,NA,NA,NA,NA,NA,0
402,40,experiment,control,control,MeSA,2019-06-13T00:00:00Z,NA,NA,NA,NA,NA,NA,-1
403,69,experiment,control,experiment,MeSA,2019-06-13T00:00:00Z,NA,NA,NA,NA,NA,NA,1
404,106,experiment,control,control,MeSA,2019-06-13T00:00:00Z,NA,NA,NA,NA,NA,NA,-1
405,300,experiment,control,no choice,MeSA,2019-06-13T00:00:00Z,NA,NA,NA,NA,NA,NA,0
406,182,control,experiment,control,MeSA,2019-06-13T00:00:00Z,NA,NA,NA,NA,NA,NA,-1
407,150,control,experiment,control,MeSA,2019-06-13T00:00:00Z,NA,NA,NA,NA,NA,NA,-1
408,73,control,experiment,control,MeSA,2019-06-13T00:00:00Z,NA,NA,NA,NA,NA,NA,-1
409,300,control,experiment,no choice,MeSA,2019-06-13T00:00:00Z,NA,NA,NA,NA,NA,NA,0
410,35,control,experiment,experiment,MeSA,2019-06-13T00:00:00Z,NA,NA,NA,NA,NA,NA,1
411,37,experiment,control,control,MeSA,2019-06-13T00:00:00Z,NA,NA,NA,NA,NA,NA,-1
412,70,experiment,control,control,MeSA,2019-06-13T00:00:00Z,NA,NA,NA,NA,NA,NA,-1
413,41,experiment,control,control,MeSA,2019-06-13T00:00:00Z,NA,NA,NA,NA,NA,NA,-1
414,22,experiment,control,experiment,MeSA,2019-06-13T00:00:00Z,NA,NA,NA,NA,NA,NA,1
415,81,experiment,control,control,MeSA,2019-06-13T00:00:00Z,NA,NA,NA,NA,NA,NA,-1
416,300,control,experiment,no choice,MeSA,2019-06-13T00:00:00Z,NA,NA,NA,NA,NA,NA,0
417,300,control,experiment,no choice,MeSA,2019-06-13T00:00:00Z,NA,NA,NA,NA,NA,NA,0
418,42,control,experiment,control,MeSA,2019-06-13T00:00:00Z,NA,NA,NA,NA,NA,NA,-1
419,32,control,experiment,control,MeSA,2019-06-13T00:00:00Z,NA,NA,NA,NA,NA,NA,-1
420,43,control,experiment,experiment,MeSA,2019-06-13T00:00:00Z,NA,NA,NA,NA,NA,NA,1
421,234,control,experiment,experiment,MeSA,2019-06-18T00:00:00Z,NA,NA,NA,NA,NA,NA,1
422,119,control,experiment,control,MeSA,2019-06-18T00:00:00Z,NA,NA,NA,NA,NA,NA,-1
423,176,control,experiment,experiment,MeSA,2019-06-18T00:00:00Z,NA,NA,NA,NA,NA,NA,1
424,143,control,experiment,experiment,MeSA,2019-06-18T00:00:00Z,NA,NA,NA,NA,NA,NA,1
425,300,control,experiment,no choice,MeSA,2019-06-18T00:00:00Z,NA,NA,NA,NA,NA,NA,0
426,243,experiment,control,experiment,MeSA,2019-06-18T00:00:00Z,NA,NA,NA,NA,NA,NA,1
427,41,experiment,control,control,MeSA,2019-06-18T00:00:00Z,NA,NA,NA,NA,NA,NA,-1
428,29,experiment,control,control,MeSA,2019-06-18T00:00:00Z,NA,NA,NA,NA,NA,NA,-1
429,125,experiment,control,control,MeSA,2019-06-18T00:00:00Z,NA,NA,NA,NA,NA,NA,-1
430,300,experiment,control,no choice,MeSA,2019-06-18T00:00:00Z,NA,NA,NA,NA,NA,NA,0
431,300,control,experiment,no choice,MeSA,2019-06-18T00:00:00Z,NA,NA,NA,NA,NA,NA,0
432,140,control,experiment,experiment,MeSA,2019-06-18T00:00:00Z,NA,NA,NA,NA,NA,NA,1
433,40,control,experiment,control,MeSA,2019-06-18T00:00:00Z,NA,NA,NA,NA,NA,NA,-1
434,60,control,experiment,experiment,MeSA,2019-06-18T00:00:00Z,NA,NA,NA,NA,NA,NA,1
435,27,control,experiment,experiment,MeSA,2019-06-18T00:00:00Z,NA,NA,NA,NA,NA,NA,1
436,45,experiment,control,control,MeSA,2019-06-18T00:00:00Z,NA,NA,NA,NA,NA,NA,-1
437,129,experiment,control,control,MeSA,2019-06-18T00:00:00Z,NA,NA,NA,NA,NA,NA,-1
438,300,experiment,control,no choice,MeSA,2019-06-18T00:00:00Z,NA,NA,NA,NA,NA,NA,0
439,34,experiment,control,experiment,MeSA,2019-06-18T00:00:00Z,NA,NA,NA,NA,NA,NA,1
440,42,experiment,control,experiment,MeSA,2019-06-18T00:00:00Z,NA,NA,NA,NA,NA,NA,1
441,172,control,experiment,experiment,MeSA,2019-06-18T00:00:00Z,NA,NA,NA,NA,NA,NA,1
442,114,control,experiment,control,MeSA,2019-06-18T00:00:00Z,NA,NA,NA,NA,NA,NA,-1
443,74,control,experiment,control,MeSA,2019-06-18T00:00:00Z,NA,NA,NA,NA,NA,NA,-1
444,43,control,experiment,control,MeSA,2019-06-18T00:00:00Z,NA,NA,NA,NA,NA,NA,-1
445,300,control,experiment,no choice,MeSA,2019-06-18T00:00:00Z,NA,NA,NA,NA,NA,NA,0
446,76,experiment,control,experiment,MeSA,2019-06-18T00:00:00Z,NA,NA,NA,NA,NA,NA,1
447,156,experiment,control,experiment,MeSA,2019-06-18T00:00:00Z,NA,NA,NA,NA,NA,NA,1
448,300,experiment,control,no choice,MeSA,2019-06-18T00:00:00Z,NA,NA,NA,NA,NA,NA,0
449,183,experiment,control,control,MeSA,2019-06-18T00:00:00Z,NA,NA,NA,NA,NA,NA,-1
450,51,experiment,control,experiment,MeSA,2019-06-18T00:00:00Z,NA,NA,NA,NA,NA,NA,1
451,300,control,experiment,no choice,MeSA,2019-06-18T00:00:00Z,NA,NA,NA,NA,NA,NA,0
452,113,control,experiment,experiment,MeSA,2019-06-18T00:00:00Z,NA,NA,NA,NA,NA,NA,1
453,300,control,experiment,no choice,MeSA,2019-06-18T00:00:00Z,NA,NA,NA,NA,NA,NA,0
454,119,control,experiment,experiment,MeSA,2019-06-18T00:00:00Z,NA,NA,NA,NA,NA,NA,1
455,51,control,experiment,control,MeSA,2019-06-18T00:00:00Z,NA,NA,NA,NA,NA,NA,-1
456,145,experiment,control,experiment,MeSA,2019-06-18T00:00:00Z,NA,NA,NA,NA,NA,NA,1
457,190,experiment,control,control,MeSA,2019-06-18T00:00:00Z,NA,NA,NA,NA,NA,NA,-1
458,300,experiment,control,no choice,MeSA,2019-06-18T00:00:00Z,NA,NA,NA,NA,NA,NA,0
459,71,experiment,control,control,MeSA,2019-06-18T00:00:00Z,NA,NA,NA,NA,NA,NA,-1
460,130,experiment,control,experiment,MeSA,2019-06-18T00:00:00Z,NA,NA,NA,NA,NA,NA,1
461,65,experiment,control,experiment,air,2019-06-06T00:00:00Z,NA,NA,NA,NA,NA,NA,1
462,29,experiment,control,experiment,air,2019-06-06T00:00:00Z,NA,NA,NA,NA,NA,NA,1
463,119,experiment,control,experiment,air,2019-06-06T00:00:00Z,NA,NA,NA,NA,NA,NA,1
464,104,experiment,control,control,air,2019-06-06T00:00:00Z,NA,NA,NA,NA,NA,NA,-1
465,38,experiment,control,control,air,2019-06-06T00:00:00Z,NA,NA,NA,NA,NA,NA,-1
466,38,control,experiment,control,air,2019-06-06T00:00:00Z,NA,NA,NA,NA,NA,NA,-1
467,121,control,experiment,experiment,air,2019-06-06T00:00:00Z,NA,NA,NA,NA,NA,NA,1
468,51,control,experiment,experiment,air,2019-06-06T00:00:00Z,NA,NA,NA,NA,NA,NA,1
469,63,control,experiment,control,air,2019-06-06T00:00:00Z,NA,NA,NA,NA,NA,NA,-1
470,44,control,experiment,control,air,2019-06-06T00:00:00Z,NA,NA,NA,NA,NA,NA,-1
471,42,experiment,control,experiment,air,2019-06-06T00:00:00Z,NA,NA,NA,NA,NA,NA,1
472,190,experiment,control,control,air,2019-06-06T00:00:00Z,NA,NA,NA,NA,NA,NA,-1
473,99,experiment,control,experiment,air,2019-06-06T00:00:00Z,NA,NA,NA,NA,NA,NA,1
474,106,experiment,control,control,air,2019-06-06T00:00:00Z,NA,NA,NA,NA,NA,NA,-1
475,76,experiment,control,control,air,2019-06-06T00:00:00Z,NA,NA,NA,NA,NA,NA,-1
476,43,control,experiment,experiment,air,2019-06-06T00:00:00Z,NA,NA,NA,NA,NA,NA,1
477,300,control,experiment,no choice,air,2019-06-06T00:00:00Z,NA,NA,NA,NA,NA,NA,0
478,124,control,experiment,experiment,air,2019-06-06T00:00:00Z,NA,NA,NA,NA,NA,NA,1
479,78,control,experiment,experiment,air,2019-06-06T00:00:00Z,NA,NA,NA,NA,NA,NA,1
480,289,control,experiment,experiment,air,2019-06-06T00:00:00Z,NA,NA,NA,NA,NA,NA,1
481,300,experiment,control,no choice,air,2019-06-11T00:00:00Z,NA,NA,NA,NA,NA,NA,0
482,300,experiment,control,no choice,air,2019-06-11T00:00:00Z,NA,NA,NA,NA,NA,NA,0
483,300,experiment,control,no choice,air,2019-06-11T00:00:00Z,NA,NA,NA,NA,NA,NA,0
484,300,experiment,control,no choice,air,2019-06-11T00:00:00Z,NA,NA,NA,NA,NA,NA,0
485,300,experiment,control,no choice,air,2019-06-11T00:00:00Z,NA,NA,NA,NA,NA,NA,0
486,30,control,experiment,control,limonene,2021-05-26T00:00:00Z,NA,NA,NA,1 g/L D-L limonene,NA,NA,-1
487,46,control,experiment,control,limonene,2021-05-26T00:00:00Z,NA,NA,NA,1 g/L D-L limonene,NA,NA,-1
488,97,control,experiment,experiment,limonene,2021-05-26T00:00:00Z,NA,NA,NA,1 g/L D-L limonene,NA,NA,1
489,226,control,experiment,experiment,limonene,2021-05-26T00:00:00Z,NA,NA,NA,1 g/L D-L limonene,NA,NA,1
490,21,experiment,control,control,limonene,2021-05-26T00:00:00Z,NA,NA,NA,1 g/L D-L limonene,NA,NA,-1
491,119,experiment,control,control,limonene,2021-05-26T00:00:00Z,NA,NA,NA,1 g/L D-L limonene,NA,NA,-1
492,52,experiment,control,experiment,limonene,2021-05-26T00:00:00Z,NA,NA,NA,1 g/L D-L limonene,NA,NA,1
493,87,experiment,control,control,limonene,2021-05-26T00:00:00Z,NA,NA,NA,1 g/L D-L limonene,NA,NA,-1
494,98,control,experiment,control,limonene,2021-05-28T00:00:00Z,NA,NA,NA,1 g/L D-L limonene,NA,NA,-1
495,112,control,experiment,control,limonene,2021-05-28T00:00:00Z,NA,NA,NA,1 g/L D-L limonene,NA,NA,-1
496,26,control,experiment,experiment,limonene,2021-05-28T00:00:00Z,NA,NA,NA,1 g/L D-L limonene,NA,NA,1
497,41,control,experiment,control,limonene,2021-05-28T00:00:00Z,NA,NA,NA,1 g/L D-L limonene,NA,NA,-1
498,278,experiment,control,experiment,limonene,2021-06-01T00:00:00Z,NA,NA,NA,1 g/L D-L limonene,NA,NA,1
499,119,experiment,control,experiment,limonene,2021-06-01T00:00:00Z,NA,NA,NA,1 g/L D-L limonene,NA,NA,1
500,45,experiment,control,experiment,limonene,2021-06-01T00:00:00Z,NA,NA,NA,1 g/L D-L limonene,NA,NA,1
501,234,control,experiment,experiment,limonene,2021-06-01T00:00:00Z,NA,NA,NA,1 g/L D-L limonene,NA,NA,1
502,17,control,experiment,experiment,limonene,2021-06-01T00:00:00Z,NA,NA,NA,1 g/L D-L limonene,NA,NA,1
503,13,control,experiment,control,limonene,2021-06-01T00:00:00Z,NA,NA,NA,1 g/L D-L limonene,NA,NA,-1
504,303,control,experiment,experiment,limonene,2021-06-01T00:00:00Z,NA,NA,NA,1 g/L D-L limonene,NA,NA,1
505,128,experiment,control,experiment,limonene,2021-06-01T00:00:00Z,NA,NA,NA,1 g/L D-L limonene,NA,NA,1
506,102,control,experiment,experiment,limonene,2021-06-01T00:00:00Z,NA,NA,NA,1 g/L D-L limonene,NA,NA,1
507,155,control,experiment,control,limonene,2021-06-01T00:00:00Z,NA,NA,NA,1 g/L D-L limonene,NA,NA,-1
508,66,control,experiment,control,limonene,2021-06-01T00:00:00Z,NA,NA,NA,1 g/L D-L limonene,NA,NA,-1
509,37,control,experiment,control,limonene,2021-06-01T00:00:00Z,NA,NA,NA,1 g/L D-L limonene,NA,NA,-1
510,25,control,experiment,control,limonene,2021-06-22T00:00:00Z,NA,NA,NA,1 g/L D-L limonene,NA,NA,-1
511,16,control,experiment,control,limonene,2021-06-22T00:00:00Z,NA,NA,NA,1 g/L D-L limonene,NA,NA,-1
512,202,control,experiment,experiment,limonene,2021-06-22T00:00:00Z,NA,NA,NA,1 g/L D-L limonene,NA,NA,1
513,10,control,experiment,experiment,limonene,2021-06-22T00:00:00Z,NA,NA,NA,1 g/L D-L limonene,NA,NA,1
514,21,control,experiment,control,limonene,2021-06-22T00:00:00Z,NA,NA,NA,1 g/L D-L limonene,NA,NA,-1
515,160,control,experiment,experiment,limonene,2021-06-22T00:00:00Z,NA,NA,NA,1 g/L D-L limonene,NA,NA,1
516,17,control,experiment,experiment,limonene,2021-06-22T00:00:00Z,NA,NA,NA,1 g/L D-L limonene,NA,NA,1
517,10,control,experiment,experiment,limonene,2021-06-22T00:00:00Z,NA,NA,NA,1 g/L D-L limonene,NA,NA,1
518,45,control,experiment,experiment,limonene,2021-06-22T00:00:00Z,NA,NA,NA,1 g/L D-L limonene,NA,NA,1
519,16,control,experiment,experiment,limonene,2021-06-22T00:00:00Z,NA,NA,NA,1 g/L D-L limonene,NA,NA,1
520,15,control,experiment,control,limonene,2021-06-22T00:00:00Z,NA,NA,NA,1 g/L D-L limonene,NA,NA,-1
521,24,experiment,control,control,limonene,2021-06-22T00:00:00Z,NA,NA,NA,1 g/L D-L limonene,NA,NA,-1
522,19,experiment,control,control,limonene,2021-06-22T00:00:00Z,NA,NA,NA,1 g/L D-L limonene,NA,NA,-1
523,35,experiment,control,control,limonene,2021-06-22T00:00:00Z,NA,NA,NA,1 g/L D-L limonene,NA,NA,-1
524,132,experiment,control,experiment,limonene,2021-06-22T00:00:00Z,NA,NA,NA,1 g/L D-L limonene,NA,NA,1
525,25,experiment,control,experiment,limonene,2021-06-22T00:00:00Z,NA,NA,NA,1 g/L D-L limonene,NA,NA,1
526,117,experiment,control,experiment,limonene,2021-06-22T00:00:00Z,NA,NA,NA,1 g/L D-L limonene,NA,NA,1
527,31,experiment,control,experiment,limonene,2021-06-22T00:00:00Z,NA,NA,NA,1 g/L D-L limonene,NA,NA,1
528,105,experiment,control,control,limonene,2021-06-22T00:00:00Z,NA,NA,NA,1 g/L D-L limonene,NA,NA,-1
529,12,experiment,control,control,limonene,2021-06-22T00:00:00Z,NA,NA,NA,1 g/L D-L limonene,NA,NA,-1
530,5,experiment,control,experiment,limonene,2021-06-22T00:00:00Z,NA,NA,NA,1 g/L D-L limonene,NA,NA,1
531,7,control,experiment,control,limonene,2021-06-22T00:00:00Z,NA,NA,NA,1 g/L D-L limonene,NA,NA,-1
532,29,control,experiment,control,limonene,2021-06-22T00:00:00Z,NA,NA,NA,1 g/L D-L limonene,NA,NA,-1
533,26,control,experiment,control,limonene,2021-06-22T00:00:00Z,NA,NA,NA,1 g/L D-L limonene,NA,NA,-1
534,11,control,experiment,experiment,limonene,2021-06-22T00:00:00Z,NA,NA,NA,1 g/L D-L limonene,NA,NA,1
535,74,control,experiment,experiment,limonene,2021-06-22T00:00:00Z,NA,NA,NA,1 g/L D-L limonene,NA,NA,1
536,37,control,experiment,experiment,limonene,2021-06-22T00:00:00Z,NA,NA,NA,1 g/L D-L limonene,NA,NA,1
537,19,control,experiment,experiment,limonene,2021-06-22T00:00:00Z,NA,NA,NA,1 g/L D-L limonene,NA,NA,1
538,20,control,experiment,experiment,limonene,2021-06-22T00:00:00Z,NA,NA,NA,1 g/L D-L limonene,NA,NA,1
539,16,control,experiment,experiment,limonene,2021-06-22T00:00:00Z,NA,NA,NA,1 g/L D-L limonene,NA,NA,1
540,26,control,experiment,control,limonene,2021-06-22T00:00:00Z,NA,NA,NA,1 g/L D-L limonene,NA,NA,-1
541,68,experiment,control,experiment,limonene,2021-06-22T00:00:00Z,NA,NA,NA,1 g/L D-L limonene,NA,NA,1
542,7,experiment,control,control,limonene,2021-06-22T00:00:00Z,NA,NA,NA,1 g/L D-L limonene,NA,NA,-1
543,23,experiment,control,experiment,limonene,2021-06-22T00:00:00Z,NA,NA,NA,1 g/L D-L limonene,NA,NA,1
544,13,experiment,control,control,limonene,2021-06-22T00:00:00Z,NA,NA,NA,1 g/L D-L limonene,NA,NA,-1
545,92,experiment,control,experiment,limonene,2021-06-22T00:00:00Z,NA,NA,NA,1 g/L D-L limonene,NA,NA,1
